customer_id,first_name,last_name,email,phone,segment,total_orders,total_spent,average_order_value,customer_lifetime_value,created_at
1,Priya,Kumar,priya.kumar1@example.in,+919846913810,HIGH_VALUE,7,23163.36,3309.05,60352.26,2026-04-29 00:37:04
2,Priya,Nair,priya.nair2@example.in,+919821668732,NEW,0,0.0,0.0,1624.07,2025-12-05 00:37:04
3,Rajesh,Kumar,rajesh.kumar3@example.in,+919822575562,HIGH_VALUE,7,11689.71,1669.96,19375.03,2025-10-24 00:37:04
4,Meera,Kumar,meera.kumar4@example.in,+919885329037,HIGH_VALUE,13,65108.71,5008.36,139145.0,2026-03-19 00:37:04
5,Sanya,Reddy,sanya.reddy5@example.in,+919847338124,VIP,5,38871.62,7774.32,90561.21,2025-12-05 00:37:04
6,Neha,Singh,neha.singh6@example.in,+919830868105,HIGH_VALUE,10,18636.87,1863.69,29024.73,2026-05-18 00:37:04
7,Priya,Joshi,priya.joshi7@example.in,+919822981052,STANDARD,11,48792.41,4435.67,88114.13,2025-09-03 00:37:04
8,Vikram,Kumar,vikram.kumar8@example.in,+919871662963,NEW,0,0.0,0.0,1557.98,2026-05-07 00:37:04
9,Rohan,Sharma,rohan.sharma9@example.in,+919884093639,STANDARD,11,29601.93,2691.08,52445.12,2025-09-17 00:37:04
10,Ananya,Sharma,ananya.sharma10@example.in,+919816150444,HIGH_VALUE,9,57499.38,6388.82,86981.64,2026-05-30 00:37:04
11,Ananya,Sharma,ananya.sharma11@example.in,+919861019678,STANDARD,14,69203.53,4943.11,90653.31,2025-08-18 00:37:04
12,Neha,Patel,neha.patel12@example.in,+919859684848,STANDARD,6,10673.59,1778.93,18506.48,2026-02-23 00:37:04
13,Priya,Reddy,priya.reddy13@example.in,+919895225343,HIGH_VALUE,7,54195.68,7742.24,124208.41,2026-04-17 00:37:04
14,Sanya,Joshi,sanya.joshi14@example.in,+919846231783,NEW,0,0.0,0.0,3736.93,2026-03-19 00:37:04
15,Neha,Kumar,neha.kumar15@example.in,+919840742311,VIP,10,38011.44,3801.14,54624.94,2025-12-16 00:37:04
16,Vikram,Sharma,vikram.sharma16@example.in,+919838317637,NEW,0,0.0,0.0,4637.28,2026-01-29 00:37:04
17,Ananya,Gupta,ananya.gupta17@example.in,+919863100814,PRICE_SENSITIVE,4,9763.4,2440.85,22371.93,2026-02-24 00:37:04
18,Aarav,Deshmukh,aarav.deshmukh18@example.in,+919885345555,NEW,0,0.0,0.0,3186.84,2026-02-25 00:37:04
19,Meera,Joshi,meera.joshi19@example.in,+919888320463,PRICE_SENSITIVE,11,20750.49,1886.41,55156.29,2026-03-19 00:37:04
20,Aarav,Nair,aarav.nair20@example.in,+919876238574,VIP,1,7546.24,7546.24,21225.45,2026-05-14 00:37:04
21,Aarav,Patel,aarav.patel21@example.in,+919866661351,NEW,0,0.0,0.0,1353.97,2026-06-07 00:37:04
22,Rohan,Joshi,rohan.joshi22@example.in,+919889978790,PRICE_SENSITIVE,8,15758.97,1969.87,22138.64,2025-09-29 00:37:04
23,Rajesh,Sharma,rajesh.sharma23@example.in,+919882070937,STANDARD,10,34150.8,3415.08,57342.73,2026-05-13 00:37:04
24,Vikram,Joshi,vikram.joshi24@example.in,+919831227574,PRICE_SENSITIVE,0,0.0,0.0,2123.74,2026-02-25 00:37:04
25,Karan,Patel,karan.patel25@example.in,+919878139880,VIP,9,41131.99,4570.22,61102.61,2025-08-16 00:37:04
26,Karan,Reddy,karan.reddy26@example.in,+919836697396,HIGH_VALUE,11,11650.43,1059.13,33016.44,2026-04-18 00:37:04
27,Karan,Nair,karan.nair27@example.in,+919810076758,NEW,0,0.0,0.0,1022.09,2026-01-25 00:37:04
28,Sanya,Kumar,sanya.kumar28@example.in,+919825014631,STANDARD,9,59543.65,6615.96,130083.93,2026-03-09 00:37:04
29,Rajesh,Deshmukh,rajesh.deshmukh29@example.in,+919886149359,VIP,2,12569.06,6284.53,18726.6,2025-11-03 00:37:04
30,Priya,Nair,priya.nair30@example.in,+919826879290,HIGH_VALUE,15,20535.27,1369.02,51176.8,2025-10-01 00:37:04
31,Aarav,Singh,aarav.singh31@example.in,+919880823176,NEW,0,0.0,0.0,1254.23,2025-12-05 00:37:04
32,Ananya,Nair,ananya.nair32@example.in,+919836998038,STANDARD,12,33988.41,2832.37,59072.72,2025-08-11 00:37:04
33,Neha,Gupta,neha.gupta33@example.in,+919879467853,PRICE_SENSITIVE,3,15845.04,5281.68,40178.21,2026-03-05 00:37:04
34,Ananya,Sharma,ananya.sharma34@example.in,+919855377076,VIP,7,9778.7,1396.96,24844.56,2025-09-11 00:37:04
35,Ananya,Kumar,ananya.kumar35@example.in,+919819528530,VIP,7,32967.05,4709.58,75577.12,2026-06-05 00:37:04
36,Rajesh,Verma,rajesh.verma36@example.in,+919819510312,NEW,0,0.0,0.0,2710.16,2026-03-10 00:37:04
37,Vikram,Gupta,vikram.gupta37@example.in,+919838754377,NEW,0,0.0,0.0,1431.57,2026-05-03 00:37:04
38,Meera,Reddy,meera.reddy38@example.in,+919873440831,HIGH_VALUE,15,11035.78,735.72,24630.64,2025-12-13 00:37:04
39,Ananya,Sharma,ananya.sharma39@example.in,+919823009833,PRICE_SENSITIVE,11,47457.08,4314.28,114937.26,2025-12-05 00:37:04
40,Rohan,Gupta,rohan.gupta40@example.in,+919817270733,VIP,1,3577.87,3577.87,9722.88,2025-12-15 00:37:04
41,Neha,Sharma,neha.sharma41@example.in,+919843374088,HIGH_VALUE,6,6464.1,1077.35,11836.68,2025-10-08 00:37:04
42,Sanya,Patel,sanya.patel42@example.in,+919866623995,HIGH_VALUE,8,59781.86,7472.73,138076.07,2025-11-15 00:37:04
43,Ananya,Sharma,ananya.sharma43@example.in,+919869476001,NEW,0,0.0,0.0,4214.69,2026-05-20 00:37:04
44,Rajesh,Nair,rajesh.nair44@example.in,+919811980765,VIP,7,13294.93,1899.28,34537.74,2026-04-15 00:37:04
45,Rohan,Gupta,rohan.gupta45@example.in,+919874606833,HIGH_VALUE,12,78669.61,6555.8,188319.25,2026-06-09 00:37:04
46,Aarav,Joshi,aarav.joshi46@example.in,+919810289289,PRICE_SENSITIVE,8,10603.12,1325.39,18574.04,2025-11-19 00:37:04
47,Vikram,Joshi,vikram.joshi47@example.in,+919884593961,PRICE_SENSITIVE,4,26540.44,6635.11,62573.76,2026-04-03 00:37:04
48,Vikram,Deshmukh,vikram.deshmukh48@example.in,+919817849494,NEW,0,0.0,0.0,2669.64,2025-10-05 00:37:04
49,Rajesh,Verma,rajesh.verma49@example.in,+919817672593,VIP,15,32487.13,2165.81,46397.32,2025-10-25 00:37:04
50,Karan,Patel,karan.patel50@example.in,+919817634247,NEW,0,0.0,0.0,2292.81,2026-05-29 00:37:04
51,Aarav,Sharma,aarav.sharma51@example.in,+919889864260,VIP,7,30736.51,4390.93,67429.18,2025-12-15 00:37:04
52,Priya,Reddy,priya.reddy52@example.in,+919843046464,NEW,0,0.0,0.0,4849.79,2025-09-08 00:37:04
53,Rajesh,Reddy,rajesh.reddy53@example.in,+919821003626,PRICE_SENSITIVE,10,23883.67,2388.37,46302.88,2026-02-26 00:37:04
54,Ananya,Verma,ananya.verma54@example.in,+919842035886,STANDARD,12,31635.64,2636.3,42918.06,2026-05-03 00:37:04
55,Vikram,Gupta,vikram.gupta55@example.in,+919852436584,VIP,0,0.0,0.0,1205.92,2025-11-17 00:37:04
56,Meera,Reddy,meera.reddy56@example.in,+919823419256,VIP,6,15539.09,2589.85,38952.87,2025-10-23 00:37:04
57,Vikram,Patel,vikram.patel57@example.in,+919856843172,VIP,7,11106.98,1586.71,25338.22,2026-01-01 00:37:04
58,Vikram,Patel,vikram.patel58@example.in,+919868812137,NEW,0,0.0,0.0,3688.54,2026-02-05 00:37:04
59,Meera,Nair,meera.nair59@example.in,+919811049999,NEW,0,0.0,0.0,1950.55,2026-02-06 00:37:04
60,Priya,Patel,priya.patel60@example.in,+919845496015,VIP,3,17884.87,5961.62,33542.14,2025-09-29 00:37:04
61,Aarav,Singh,aarav.singh61@example.in,+919847816686,NEW,0,0.0,0.0,3143.1,2026-03-24 00:37:04
62,Neha,Deshmukh,neha.deshmukh62@example.in,+919895125977,STANDARD,15,17657.6,1177.17,42646.51,2026-03-03 00:37:04
63,Rajesh,Sharma,rajesh.sharma63@example.in,+919895132217,PRICE_SENSITIVE,8,15191.11,1898.89,22398.15,2026-06-17 00:37:04
64,Rajesh,Verma,rajesh.verma64@example.in,+919827558317,STANDARD,5,27908.66,5581.73,37140.6,2025-11-25 00:37:04
65,Karan,Joshi,karan.joshi65@example.in,+919885283645,VIP,3,6596.15,2198.72,15145.21,2026-06-01 00:37:04
66,Aarav,Nair,aarav.nair66@example.in,+919814835614,STANDARD,4,22728.13,5682.03,43447.38,2025-12-01 00:37:04
67,Aarav,Kumar,aarav.kumar67@example.in,+919851373735,STANDARD,1,1531.41,1531.41,3970.59,2026-01-07 00:37:04
68,Ananya,Deshmukh,ananya.deshmukh68@example.in,+919899514287,VIP,11,81787.22,7435.2,193458.13,2025-09-26 00:37:04
69,Rohan,Reddy,rohan.reddy69@example.in,+919830743797,HIGH_VALUE,5,27249.4,5449.88,64869.55,2026-04-10 00:37:04
70,Rohan,Kumar,rohan.kumar70@example.in,+919834073380,STANDARD,13,58140.93,4472.38,89421.5,2026-03-04 00:37:04
71,Vikram,Patel,vikram.patel71@example.in,+919824508349,PRICE_SENSITIVE,1,7229.12,7229.12,20669.34,2025-11-11 00:37:04
72,Ananya,Deshmukh,ananya.deshmukh72@example.in,+919871780854,STANDARD,9,27384.51,3042.72,49197.05,2026-03-15 00:37:04
73,Ananya,Kumar,ananya.kumar73@example.in,+919898588154,HIGH_VALUE,12,86739.92,7228.33,208236.96,2026-01-22 00:37:04
74,Vikram,Sharma,vikram.sharma74@example.in,+919847463522,STANDARD,12,63782.85,5315.24,85162.63,2025-10-08 00:37:04
75,Neha,Kumar,neha.kumar75@example.in,+919825480907,STANDARD,5,36195.78,7239.16,73006.95,2025-09-15 00:37:04
76,Vikram,Kumar,vikram.kumar76@example.in,+919824549543,NEW,0,0.0,0.0,3654.01,2025-11-29 00:37:04
77,Neha,Verma,neha.verma77@example.in,+919868571795,NEW,0,0.0,0.0,1643.23,2025-10-21 00:37:04
78,Priya,Joshi,priya.joshi78@example.in,+919887388337,HIGH_VALUE,8,36924.03,4615.5,81128.5,2026-06-17 00:37:04
79,Rohan,Kumar,rohan.kumar79@example.in,+919879782527,NEW,0,0.0,0.0,3848.72,2026-03-31 00:37:04
80,Neha,Joshi,neha.joshi80@example.in,+919819391725,STANDARD,10,22793.68,2279.37,40980.56,2026-05-07 00:37:04
81,Vikram,Nair,vikram.nair81@example.in,+919851511484,PRICE_SENSITIVE,10,53722.47,5372.25,127406.5,2025-12-15 00:37:04
82,Vikram,Nair,vikram.nair82@example.in,+919827084279,HIGH_VALUE,13,61910.09,4762.31,84302.21,2025-12-27 00:37:04
83,Aarav,Reddy,aarav.reddy83@example.in,+919886384014,STANDARD,12,29868.21,2489.02,50207.69,2025-10-02 00:37:04
84,Rajesh,Singh,rajesh.singh84@example.in,+919848508907,HIGH_VALUE,13,44827.03,3448.23,109301.12,2025-09-16 00:37:04
85,Meera,Verma,meera.verma85@example.in,+919872409658,PRICE_SENSITIVE,14,90455.19,6461.08,170959.81,2026-03-22 00:37:04
86,Karan,Gupta,karan.gupta86@example.in,+919832775593,VIP,9,37744.94,4193.88,58764.01,2025-10-19 00:37:04
87,Meera,Verma,meera.verma87@example.in,+919822534217,HIGH_VALUE,9,23452.13,2605.79,32465.79,2026-03-16 00:37:04
88,Ananya,Patel,ananya.patel88@example.in,+919813278320,VIP,7,12798.31,1828.33,35820.85,2025-11-08 00:37:04
89,Meera,Sharma,meera.sharma89@example.in,+919871124923,PRICE_SENSITIVE,6,44168.9,7361.48,75318.86,2025-12-25 00:37:04
90,Sanya,Joshi,sanya.joshi90@example.in,+919842747037,HIGH_VALUE,0,0.0,0.0,2712.74,2026-05-16 00:37:04
91,Rohan,Deshmukh,rohan.deshmukh91@example.in,+919833607110,NEW,0,0.0,0.0,4854.48,2025-11-14 00:37:04
92,Rajesh,Nair,rajesh.nair92@example.in,+919843446826,VIP,14,96565.99,6897.57,155383.46,2026-05-02 00:37:04
93,Sanya,Nair,sanya.nair93@example.in,+919885017682,NEW,0,0.0,0.0,2267.69,2026-01-28 00:37:04
94,Sanya,Reddy,sanya.reddy94@example.in,+919877750178,PRICE_SENSITIVE,14,24796.74,1771.2,52449.62,2026-04-19 00:37:04
95,Sanya,Gupta,sanya.gupta95@example.in,+919844788100,HIGH_VALUE,8,45761.79,5720.22,90215.98,2025-10-16 00:37:04
96,Sanya,Deshmukh,sanya.deshmukh96@example.in,+919846855845,PRICE_SENSITIVE,2,10225.11,5112.55,26990.9,2026-02-13 00:37:04
97,Ananya,Singh,ananya.singh97@example.in,+919855076693,STANDARD,2,8774.94,4387.47,24501.58,2026-04-30 00:37:04
98,Aarav,Deshmukh,aarav.deshmukh98@example.in,+919861410126,HIGH_VALUE,6,34365.71,5727.62,75060.59,2026-06-07 00:37:04
99,Rohan,Joshi,rohan.joshi99@example.in,+919854410148,NEW,0,0.0,0.0,4237.44,2025-11-13 00:37:04
100,Rohan,Kumar,rohan.kumar100@example.in,+919837760841,PRICE_SENSITIVE,12,78910.21,6575.85,188292.32,2025-09-13 00:37:04
101,Rajesh,Reddy,rajesh.reddy101@example.in,+919861053877,PRICE_SENSITIVE,0,0.0,0.0,3006.07,2026-01-10 00:37:04
102,Vikram,Joshi,vikram.joshi102@example.in,+919866240084,NEW,0,0.0,0.0,3599.86,2025-10-03 00:37:04
103,Meera,Deshmukh,meera.deshmukh103@example.in,+919875529051,HIGH_VALUE,8,46118.01,5764.75,107612.13,2025-11-28 00:37:04
104,Sanya,Kumar,sanya.kumar104@example.in,+919862191530,STANDARD,12,36419.56,3034.96,62861.54,2026-04-16 00:37:04
105,Sanya,Patel,sanya.patel105@example.in,+919893517915,NEW,0,0.0,0.0,1143.77,2026-06-26 00:37:04
106,Rohan,Reddy,rohan.reddy106@example.in,+919885751409,VIP,2,7983.97,3991.99,17359.13,2025-08-14 00:37:04
107,Rohan,Patel,rohan.patel107@example.in,+919871968116,HIGH_VALUE,1,4931.25,4931.25,7262.42,2026-02-26 00:37:04
108,Rohan,Verma,rohan.verma108@example.in,+919838408562,PRICE_SENSITIVE,10,66695.04,6669.5,112772.1,2026-01-18 00:37:04
109,Rohan,Singh,rohan.singh109@example.in,+919866581473,STANDARD,2,8833.65,4416.82,21306.07,2025-11-11 00:37:04
110,Rajesh,Nair,rajesh.nair110@example.in,+919816990811,STANDARD,7,36201.75,5171.68,48665.47,2025-08-11 00:37:04
111,Priya,Kumar,priya.kumar111@example.in,+919814164775,HIGH_VALUE,6,26910.96,4485.16,54756.58,2026-06-29 00:37:04
112,Meera,Patel,meera.patel112@example.in,+919842016960,HIGH_VALUE,15,89185.28,5945.69,223228.66,2026-05-12 00:37:04
113,Meera,Deshmukh,meera.deshmukh113@example.in,+919872415804,STANDARD,11,32143.91,2922.17,73884.53,2026-04-15 00:37:04
114,Meera,Reddy,meera.reddy114@example.in,+919825372341,HIGH_VALUE,9,34130.57,3792.29,45539.18,2026-05-15 00:37:04
115,Meera,Kumar,meera.kumar115@example.in,+919851870192,NEW,0,0.0,0.0,4343.92,2025-12-29 00:37:04
116,Rohan,Deshmukh,rohan.deshmukh116@example.in,+919820200074,NEW,0,0.0,0.0,2635.81,2025-08-22 00:37:04
117,Ananya,Sharma,ananya.sharma117@example.in,+919850477742,NEW,0,0.0,0.0,1625.75,2026-05-09 00:37:04
118,Meera,Kumar,meera.kumar118@example.in,+919856600900,NEW,0,0.0,0.0,3196.91,2025-12-02 00:37:04
119,Neha,Sharma,neha.sharma119@example.in,+919877908907,STANDARD,0,0.0,0.0,3640.79,2025-12-06 00:37:04
120,Sanya,Sharma,sanya.sharma120@example.in,+919868186525,STANDARD,14,36393.06,2599.5,92798.87,2026-04-22 00:37:04
121,Rohan,Patel,rohan.patel121@example.in,+919880027662,STANDARD,15,69864.83,4657.66,142075.29,2025-11-13 00:37:04
122,Rohan,Reddy,rohan.reddy122@example.in,+919846023439,STANDARD,7,16505.88,2357.98,31476.77,2026-05-26 00:37:04
123,Vikram,Gupta,vikram.gupta123@example.in,+919842730796,PRICE_SENSITIVE,12,7295.41,607.95,11039.34,2026-01-18 00:37:04
124,Rajesh,Gupta,rajesh.gupta124@example.in,+919853622663,HIGH_VALUE,15,12081.99,805.47,31749.39,2026-03-23 00:37:04
125,Neha,Singh,neha.singh125@example.in,+919855679506,STANDARD,8,32450.43,4056.3,46034.17,2025-09-28 00:37:04
126,Rajesh,Nair,rajesh.nair126@example.in,+919835643159,VIP,7,28357.27,4051.04,43149.12,2025-12-13 00:37:04
127,Sanya,Nair,sanya.nair127@example.in,+919842255732,PRICE_SENSITIVE,15,52331.78,3488.79,108235.61,2025-11-22 00:37:04
128,Rajesh,Sharma,rajesh.sharma128@example.in,+919849491631,HIGH_VALUE,12,10077.36,839.78,20503.91,2026-03-07 00:37:04
129,Vikram,Reddy,vikram.reddy129@example.in,+919859529086,PRICE_SENSITIVE,11,47008.74,4273.52,112386.53,2025-12-04 00:37:04
130,Karan,Verma,karan.verma130@example.in,+919857219209,PRICE_SENSITIVE,8,13776.07,1722.01,21364.76,2026-02-03 00:37:04
131,Vikram,Deshmukh,vikram.deshmukh131@example.in,+919826194158,HIGH_VALUE,10,6988.35,698.83,18468.62,2026-05-09 00:37:04
132,Karan,Patel,karan.patel132@example.in,+919835708194,HIGH_VALUE,15,72240.85,4816.06,126716.41,2026-02-18 00:37:04
133,Meera,Nair,meera.nair133@example.in,+919890099897,STANDARD,3,11810.69,3936.9,27316.03,2026-04-01 00:37:04
134,Vikram,Deshmukh,vikram.deshmukh134@example.in,+919858436637,HIGH_VALUE,9,30561.93,3395.77,79484.3,2026-07-02 00:37:04
135,Karan,Patel,karan.patel135@example.in,+919846817443,VIP,1,1968.43,1968.43,3942.73,2025-09-29 00:37:04
136,Vikram,Patel,vikram.patel136@example.in,+919895613415,PRICE_SENSITIVE,3,1909.99,636.66,6258.52,2026-07-03 00:37:04
137,Meera,Singh,meera.singh137@example.in,+919873001391,PRICE_SENSITIVE,14,14474.81,1033.91,27751.52,2026-01-16 00:37:04
138,Aarav,Kumar,aarav.kumar138@example.in,+919843887075,PRICE_SENSITIVE,3,2023.62,674.54,6698.39,2026-06-06 00:37:04
139,Rohan,Gupta,rohan.gupta139@example.in,+919819943140,NEW,0,0.0,0.0,3786.95,2025-08-21 00:37:04
140,Rajesh,Patel,rajesh.patel140@example.in,+919830024960,NEW,0,0.0,0.0,4509.89,2026-02-04 00:37:04
141,Priya,Deshmukh,priya.deshmukh141@example.in,+919825898299,NEW,0,0.0,0.0,4213.92,2025-12-08 00:37:04
142,Meera,Reddy,meera.reddy142@example.in,+919893002706,HIGH_VALUE,12,31383.11,2615.26,48901.38,2025-11-21 00:37:04
143,Sanya,Singh,sanya.singh143@example.in,+919888990506,PRICE_SENSITIVE,9,58961.34,6551.26,149326.05,2025-09-21 00:37:04
144,Meera,Kumar,meera.kumar144@example.in,+919891823275,VIP,6,19740.81,3290.14,45977.32,2025-08-23 00:37:04
145,Ananya,Singh,ananya.singh145@example.in,+919898641164,VIP,5,37403.4,7480.68,89339.88,2026-03-09 00:37:04
146,Aarav,Nair,aarav.nair146@example.in,+919820075036,HIGH_VALUE,0,0.0,0.0,4018.17,2025-12-12 00:37:04
147,Sanya,Reddy,sanya.reddy147@example.in,+919873070585,STANDARD,1,1273.43,1273.43,6043.26,2026-03-13 00:37:04
148,Vikram,Singh,vikram.singh148@example.in,+919870939053,VIP,7,46889.02,6698.43,80357.77,2026-02-24 00:37:04
149,Meera,Deshmukh,meera.deshmukh149@example.in,+919867061186,VIP,7,23933.09,3419.01,33678.43,2025-08-12 00:37:04
150,Aarav,Singh,aarav.singh150@example.in,+919829090631,VIP,1,1184.65,1184.65,6713.59,2026-04-16 00:37:04
151,Vikram,Reddy,vikram.reddy151@example.in,+919886397676,STANDARD,14,106813.75,7629.55,211330.22,2026-05-07 00:37:04
152,Sanya,Singh,sanya.singh152@example.in,+919864023778,STANDARD,15,57950.12,3863.34,93943.88,2025-11-27 00:37:04
153,Priya,Reddy,priya.reddy153@example.in,+919815350023,PRICE_SENSITIVE,10,55438.88,5543.89,124917.02,2025-09-03 00:37:04
154,Vikram,Kumar,vikram.kumar154@example.in,+919822257687,HIGH_VALUE,0,0.0,0.0,1364.82,2026-02-22 00:37:04
155,Meera,Kumar,meera.kumar155@example.in,+919833513701,PRICE_SENSITIVE,14,58914.13,4208.15,78303.41,2026-02-17 00:37:04
156,Aarav,Reddy,aarav.reddy156@example.in,+919868503492,PRICE_SENSITIVE,2,7622.96,3811.48,20348.22,2025-11-11 00:37:04
157,Neha,Joshi,neha.joshi157@example.in,+919854735895,STANDARD,3,4134.01,1378.0,9775.32,2026-04-18 00:37:04
158,Neha,Joshi,neha.joshi158@example.in,+919876500726,STANDARD,12,61639.63,5136.64,83407.09,2025-10-01 00:37:04
159,Rajesh,Gupta,rajesh.gupta159@example.in,+919821819185,STANDARD,8,46058.15,5757.27,63913.95,2026-01-25 00:37:04
160,Priya,Joshi,priya.joshi160@example.in,+919879067939,VIP,14,81155.43,5796.82,107308.34,2025-12-10 00:37:04
161,Rajesh,Deshmukh,rajesh.deshmukh161@example.in,+919879583757,STANDARD,15,118496.95,7899.8,202333.85,2025-08-23 00:37:04
162,Sanya,Kumar,sanya.kumar162@example.in,+919837321124,STANDARD,4,26383.99,6596.0,69094.64,2026-02-12 00:37:04
163,Sanya,Gupta,sanya.gupta163@example.in,+919826297533,VIP,7,43052.35,6150.34,74055.35,2026-04-19 00:37:04
164,Vikram,Nair,vikram.nair164@example.in,+919811835355,NEW,0,0.0,0.0,3233.62,2025-12-13 00:37:04
165,Priya,Deshmukh,priya.deshmukh165@example.in,+919825228493,PRICE_SENSITIVE,3,11045.0,3681.67,27712.67,2025-08-12 00:37:04
166,Aarav,Gupta,aarav.gupta166@example.in,+919849172995,NEW,0,0.0,0.0,1045.41,2026-02-20 00:37:04
167,Rohan,Gupta,rohan.gupta167@example.in,+919873380266,HIGH_VALUE,14,56209.37,4014.95,73040.72,2025-09-30 00:37:04
168,Aarav,Joshi,aarav.joshi168@example.in,+919835583290,NEW,0,0.0,0.0,3596.84,2025-10-22 00:37:04
169,Aarav,Sharma,aarav.sharma169@example.in,+919847077298,PRICE_SENSITIVE,10,60953.37,6095.34,124218.51,2025-10-23 00:37:04
170,Vikram,Kumar,vikram.kumar170@example.in,+919847962005,STANDARD,15,49672.94,3311.53,82531.73,2026-04-24 00:37:04
171,Sanya,Nair,sanya.nair171@example.in,+919875007200,STANDARD,10,21769.69,2176.97,54432.01,2025-09-30 00:37:04
172,Karan,Joshi,karan.joshi172@example.in,+919871115319,STANDARD,6,46644.55,7774.09,63155.16,2026-03-09 00:37:04
173,Meera,Joshi,meera.joshi173@example.in,+919841348220,PRICE_SENSITIVE,1,4457.76,4457.76,12398.81,2026-01-28 00:37:04
174,Sanya,Joshi,sanya.joshi174@example.in,+919861818612,HIGH_VALUE,15,69808.61,4653.91,174828.08,2026-06-21 00:37:04
175,Aarav,Nair,aarav.nair175@example.in,+919889212676,STANDARD,3,15661.47,5220.49,35777.31,2025-11-26 00:37:04
176,Priya,Nair,priya.nair176@example.in,+919871327848,VIP,4,20826.74,5206.69,45416.9,2025-12-12 00:37:04
177,Aarav,Sharma,aarav.sharma177@example.in,+919873013961,STANDARD,10,8408.48,840.85,17963.03,2025-08-24 00:37:04
178,Rohan,Sharma,rohan.sharma178@example.in,+919854099326,NEW,0,0.0,0.0,2822.63,2025-12-27 00:37:04
179,Neha,Gupta,neha.gupta179@example.in,+919882613940,VIP,2,10301.99,5150.99,17829.72,2026-03-11 00:37:04
180,Vikram,Deshmukh,vikram.deshmukh180@example.in,+919822130508,PRICE_SENSITIVE,3,11933.21,3977.74,23136.1,2025-08-19 00:37:04
181,Priya,Gupta,priya.gupta181@example.in,+919832329103,STANDARD,0,0.0,0.0,4897.58,2026-06-16 00:37:04
182,Neha,Kumar,neha.kumar182@example.in,+919849375156,STANDARD,11,86862.39,7896.58,186216.44,2025-12-01 00:37:04
183,Aarav,Deshmukh,aarav.deshmukh183@example.in,+919881291936,PRICE_SENSITIVE,5,14107.29,2821.46,35592.24,2026-04-13 00:37:04
184,Aarav,Sharma,aarav.sharma184@example.in,+919891804602,PRICE_SENSITIVE,7,12037.39,1719.63,32989.76,2025-10-28 00:37:04
185,Meera,Patel,meera.patel185@example.in,+919841163805,PRICE_SENSITIVE,8,60987.99,7623.5,134177.49,2025-11-16 00:37:04
186,Vikram,Kumar,vikram.kumar186@example.in,+919872445234,STANDARD,5,18184.11,3636.82,48334.29,2026-06-02 00:37:04
187,Sanya,Verma,sanya.verma187@example.in,+919888862539,STANDARD,13,10908.82,839.14,15970.36,2026-03-03 00:37:04
188,Sanya,Singh,sanya.singh188@example.in,+919836738452,PRICE_SENSITIVE,15,98687.25,6579.15,246687.4,2026-05-16 00:37:04
189,Ananya,Joshi,ananya.joshi189@example.in,+919886762164,STANDARD,9,44603.82,4955.98,80490.19,2026-02-08 00:37:04
190,Rajesh,Joshi,rajesh.joshi190@example.in,+919846840133,VIP,1,6815.89,6815.89,18481.99,2025-09-02 00:37:04
191,Sanya,Singh,sanya.singh191@example.in,+919840885967,NEW,0,0.0,0.0,2093.63,2026-01-10 00:37:04
192,Ananya,Deshmukh,ananya.deshmukh192@example.in,+919893334601,STANDARD,4,3691.26,922.82,12830.62,2025-08-22 00:37:04
193,Priya,Kumar,priya.kumar193@example.in,+919851464269,PRICE_SENSITIVE,1,7997.88,7997.88,23181.47,2025-09-16 00:37:04
194,Neha,Patel,neha.patel194@example.in,+919822097496,STANDARD,10,62674.06,6267.41,156583.45,2025-12-09 00:37:04
195,Aarav,Deshmukh,aarav.deshmukh195@example.in,+919827738187,NEW,0,0.0,0.0,2802.18,2026-01-03 00:37:04
196,Karan,Nair,karan.nair196@example.in,+919846578001,HIGH_VALUE,8,11749.56,1468.7,32096.77,2025-11-05 00:37:04
197,Vikram,Verma,vikram.verma197@example.in,+919825457816,PRICE_SENSITIVE,2,4429.64,2214.82,12656.1,2026-04-28 00:37:04
198,Ananya,Joshi,ananya.joshi198@example.in,+919884801233,STANDARD,2,6372.44,3186.22,12273.95,2025-12-19 00:37:04
199,Rajesh,Singh,rajesh.singh199@example.in,+919882017516,VIP,14,61632.31,4402.31,138919.12,2026-01-02 00:37:04
200,Vikram,Reddy,vikram.reddy200@example.in,+919861140376,STANDARD,3,20674.08,6891.36,42885.87,2026-03-12 00:37:04
201,Sanya,Kumar,sanya.kumar201@example.in,+919893154172,NEW,0,0.0,0.0,2613.93,2026-01-23 00:37:04
202,Meera,Deshmukh,meera.deshmukh202@example.in,+919896926431,VIP,14,21071.6,1505.11,30094.91,2026-02-05 00:37:04
203,Rohan,Sharma,rohan.sharma203@example.in,+919828760553,VIP,1,5152.32,5152.32,12750.58,2026-02-04 00:37:04
204,Sanya,Sharma,sanya.sharma204@example.in,+919823044889,HIGH_VALUE,4,6091.14,1522.79,9826.9,2025-12-23 00:37:04
205,Sanya,Verma,sanya.verma205@example.in,+919899991136,NEW,0,0.0,0.0,2568.98,2025-12-07 00:37:04
206,Meera,Patel,meera.patel206@example.in,+919865684858,VIP,15,56715.93,3781.06,137116.4,2025-08-28 00:37:04
207,Rohan,Singh,rohan.singh207@example.in,+919814391105,STANDARD,6,26129.53,4354.92,60561.03,2025-11-24 00:37:04
208,Sanya,Deshmukh,sanya.deshmukh208@example.in,+919858678896,VIP,11,56822.15,5165.65,136686.44,2025-10-04 00:37:04
209,Neha,Kumar,neha.kumar209@example.in,+919863437398,STANDARD,6,9618.31,1603.05,26096.3,2026-05-08 00:37:04
210,Sanya,Sharma,sanya.sharma210@example.in,+919898955314,HIGH_VALUE,0,0.0,0.0,2836.54,2026-06-14 00:37:04
211,Neha,Deshmukh,neha.deshmukh211@example.in,+919826901217,NEW,0,0.0,0.0,2970.47,2026-03-26 00:37:04
212,Priya,Nair,priya.nair212@example.in,+919837804191,NEW,0,0.0,0.0,3533.6,2026-03-21 00:37:04
213,Ananya,Verma,ananya.verma213@example.in,+919829804386,NEW,0,0.0,0.0,1303.45,2026-07-08 00:37:04
214,Vikram,Patel,vikram.patel214@example.in,+919827447248,NEW,0,0.0,0.0,1512.18,2026-03-03 00:37:04
215,Aarav,Sharma,aarav.sharma215@example.in,+919898725654,VIP,4,6557.08,1639.27,12615.39,2026-07-02 00:37:04
216,Neha,Deshmukh,neha.deshmukh216@example.in,+919889034501,STANDARD,0,0.0,0.0,2382.67,2026-04-11 00:37:04
217,Vikram,Kumar,vikram.kumar217@example.in,+919827013243,PRICE_SENSITIVE,3,21677.74,7225.91,43040.26,2026-06-07 00:37:04
218,Sanya,Gupta,sanya.gupta218@example.in,+919858592048,NEW,0,0.0,0.0,1769.16,2025-09-09 00:37:04
219,Priya,Gupta,priya.gupta219@example.in,+919877624084,HIGH_VALUE,1,806.51,806.51,3259.3,2025-10-16 00:37:04
220,Vikram,Gupta,vikram.gupta220@example.in,+919896347724,VIP,1,1827.58,1827.58,3886.38,2025-11-06 00:37:04
221,Rohan,Joshi,rohan.joshi221@example.in,+919824490391,PRICE_SENSITIVE,14,55381.77,3955.84,83770.47,2026-06-02 00:37:04
222,Priya,Verma,priya.verma222@example.in,+919891644298,HIGH_VALUE,2,8551.26,4275.63,19093.63,2026-05-06 00:37:04
223,Vikram,Reddy,vikram.reddy223@example.in,+919894970119,NEW,0,0.0,0.0,3511.6,2025-10-02 00:37:04
224,Neha,Joshi,neha.joshi224@example.in,+919890180577,NEW,0,0.0,0.0,4494.31,2026-02-09 00:37:04
225,Sanya,Nair,sanya.nair225@example.in,+919891259008,PRICE_SENSITIVE,3,22219.63,7406.54,30535.33,2026-05-12 00:37:04
226,Karan,Deshmukh,karan.deshmukh226@example.in,+919867723010,PRICE_SENSITIVE,7,45825.57,6546.51,101305.02,2025-12-10 00:37:04
227,Neha,Gupta,neha.gupta227@example.in,+919863516659,PRICE_SENSITIVE,3,6210.36,2070.12,13381.52,2026-01-30 00:37:04
228,Rohan,Verma,rohan.verma228@example.in,+919899269266,STANDARD,11,56506.02,5136.91,97756.95,2026-04-22 00:37:04
229,Sanya,Sharma,sanya.sharma229@example.in,+919822243983,VIP,2,12212.06,6106.03,17246.6,2025-11-30 00:37:04
230,Priya,Verma,priya.verma230@example.in,+919827463800,NEW,0,0.0,0.0,4580.83,2026-06-09 00:37:04
231,Meera,Nair,meera.nair231@example.in,+919885387867,STANDARD,3,13012.74,4337.58,26045.51,2025-12-11 00:37:04
232,Neha,Joshi,neha.joshi232@example.in,+919816904975,STANDARD,9,34700.33,3855.59,67636.88,2026-01-10 00:37:04
233,Priya,Reddy,priya.reddy233@example.in,+919878103759,HIGH_VALUE,4,10077.3,2519.32,18115.65,2025-11-05 00:37:04
234,Ananya,Sharma,ananya.sharma234@example.in,+919856991504,NEW,0,0.0,0.0,1845.79,2026-01-02 00:37:04
235,Priya,Singh,priya.singh235@example.in,+919887054398,HIGH_VALUE,13,38430.99,2956.23,56662.65,2025-09-25 00:37:04
236,Meera,Reddy,meera.reddy236@example.in,+919896261621,NEW,0,0.0,0.0,3716.41,2026-06-26 00:37:04
237,Meera,Singh,meera.singh237@example.in,+919813886030,HIGH_VALUE,8,51350.27,6418.78,96241.7,2026-02-01 00:37:04
238,Neha,Verma,neha.verma238@example.in,+919810819505,HIGH_VALUE,4,18113.2,4528.3,39536.03,2025-09-23 00:37:04
239,Rohan,Sharma,rohan.sharma239@example.in,+919829042093,VIP,2,7474.89,3737.45,12344.72,2025-10-11 00:37:04
240,Ananya,Joshi,ananya.joshi240@example.in,+919866348963,PRICE_SENSITIVE,10,32231.17,3223.12,69024.79,2026-04-20 00:37:04
241,Neha,Singh,neha.singh241@example.in,+919853537934,NEW,0,0.0,0.0,4946.06,2025-09-07 00:37:04
242,Priya,Kumar,priya.kumar242@example.in,+919830881581,HIGH_VALUE,1,5043.31,5043.31,9014.43,2026-05-29 00:37:04
243,Vikram,Gupta,vikram.gupta243@example.in,+919898843907,PRICE_SENSITIVE,15,24696.65,1646.44,39175.34,2025-09-02 00:37:04
244,Sanya,Joshi,sanya.joshi244@example.in,+919846663833,HIGH_VALUE,3,5697.76,1899.25,10642.53,2026-01-14 00:37:04
245,Rohan,Sharma,rohan.sharma245@example.in,+919848016697,NEW,0,0.0,0.0,1320.93,2025-11-02 00:37:04
246,Karan,Singh,karan.singh246@example.in,+919816095815,HIGH_VALUE,12,53206.03,4433.84,97163.0,2025-09-06 00:37:04
247,Rajesh,Kumar,rajesh.kumar247@example.in,+919837437207,STANDARD,6,8041.75,1340.29,18687.27,2026-04-30 00:37:04
248,Vikram,Singh,vikram.singh248@example.in,+919854039837,VIP,0,0.0,0.0,4268.29,2025-10-28 00:37:04
249,Rohan,Patel,rohan.patel249@example.in,+919827339011,PRICE_SENSITIVE,7,17039.9,2434.27,27907.93,2025-10-26 00:37:04
250,Karan,Verma,karan.verma250@example.in,+919819673809,PRICE_SENSITIVE,1,7470.32,7470.32,17657.79,2025-11-28 00:37:04
251,Rajesh,Gupta,rajesh.gupta251@example.in,+919820450542,STANDARD,13,33797.96,2599.84,76115.21,2025-09-19 00:37:04
252,Rohan,Joshi,rohan.joshi252@example.in,+919848858073,VIP,12,35131.13,2927.59,64617.68,2026-06-29 00:37:04
253,Neha,Patel,neha.patel253@example.in,+919892963368,PRICE_SENSITIVE,11,25498.8,2318.07,37847.71,2026-05-25 00:37:04
254,Rohan,Sharma,rohan.sharma254@example.in,+919842657384,PRICE_SENSITIVE,12,31976.75,2664.73,64151.49,2025-10-14 00:37:04
255,Priya,Joshi,priya.joshi255@example.in,+919851644346,STANDARD,7,28759.86,4108.55,55631.47,2026-01-20 00:37:04
256,Aarav,Sharma,aarav.sharma256@example.in,+919878515906,VIP,6,18147.19,3024.53,26201.15,2026-01-12 00:37:04
257,Neha,Patel,neha.patel257@example.in,+919841711468,VIP,4,31698.81,7924.7,55561.77,2026-02-28 00:37:04
258,Ananya,Patel,ananya.patel258@example.in,+919890852623,HIGH_VALUE,2,4819.61,2409.8,14094.39,2026-04-10 00:37:04
259,Sanya,Gupta,sanya.gupta259@example.in,+919885663295,NEW,0,0.0,0.0,2886.3,2025-11-22 00:37:04
260,Meera,Reddy,meera.reddy260@example.in,+919853380275,STANDARD,4,14355.23,3588.81,28454.9,2025-11-26 00:37:04
261,Priya,Gupta,priya.gupta261@example.in,+919869352161,STANDARD,8,53837.16,6729.65,133642.39,2025-09-10 00:37:04
262,Rajesh,Verma,rajesh.verma262@example.in,+919878093604,VIP,9,53833.55,5981.51,131993.66,2025-11-15 00:37:04
263,Sanya,Kumar,sanya.kumar263@example.in,+919817635653,STANDARD,9,8988.5,998.72,22744.12,2026-05-31 00:37:04
264,Priya,Reddy,priya.reddy264@example.in,+919889736043,NEW,0,0.0,0.0,1559.09,2025-12-25 00:37:04
265,Sanya,Reddy,sanya.reddy265@example.in,+919884399083,VIP,14,90503.07,6464.5,133980.56,2025-09-20 00:37:04
266,Ananya,Verma,ananya.verma266@example.in,+919891202508,PRICE_SENSITIVE,4,6927.97,1731.99,19310.72,2026-06-08 00:37:04
267,Sanya,Sharma,sanya.sharma267@example.in,+919856095437,VIP,5,22114.95,4422.99,41362.92,2026-06-19 00:37:04
268,Ananya,Gupta,ananya.gupta268@example.in,+919868978194,NEW,0,0.0,0.0,4266.4,2025-10-15 00:37:04
269,Meera,Patel,meera.patel269@example.in,+919858841557,STANDARD,9,34141.61,3793.51,60550.98,2025-12-23 00:37:04
270,Rohan,Verma,rohan.verma270@example.in,+919890246882,VIP,10,27603.34,2760.33,62962.36,2026-06-06 00:37:04
271,Neha,Sharma,neha.sharma271@example.in,+919884888554,PRICE_SENSITIVE,9,20174.36,2241.6,50337.63,2026-03-02 00:37:04
272,Meera,Patel,meera.patel272@example.in,+919854743095,VIP,4,18306.59,4576.65,47037.59,2026-01-11 00:37:04
273,Vikram,Joshi,vikram.joshi273@example.in,+919827307598,NEW,0,0.0,0.0,4759.33,2026-05-27 00:37:04
274,Vikram,Nair,vikram.nair274@example.in,+919860557040,STANDARD,4,20831.24,5207.81,35624.03,2025-10-13 00:37:04
275,Priya,Joshi,priya.joshi275@example.in,+919878248169,STANDARD,0,0.0,0.0,3480.29,2026-01-05 00:37:04
276,Vikram,Patel,vikram.patel276@example.in,+919838748452,STANDARD,15,67514.37,4500.96,163627.41,2026-04-02 00:37:04
277,Ananya,Patel,ananya.patel277@example.in,+919830796389,VIP,9,14738.05,1637.56,25652.05,2026-05-19 00:37:04
278,Karan,Nair,karan.nair278@example.in,+919880669879,VIP,10,60795.97,6079.6,78884.95,2025-08-27 00:37:04
279,Aarav,Reddy,aarav.reddy279@example.in,+919860562485,HIGH_VALUE,5,31092.2,6218.44,75117.71,2026-04-08 00:37:04
280,Meera,Patel,meera.patel280@example.in,+919868743530,VIP,13,86572.59,6659.43,120723.89,2026-01-04 00:37:04
281,Ananya,Gupta,ananya.gupta281@example.in,+919891952730,STANDARD,14,20386.31,1456.16,39181.74,2026-03-12 00:37:04
282,Karan,Deshmukh,karan.deshmukh282@example.in,+919851536077,PRICE_SENSITIVE,6,9746.28,1624.38,18489.21,2026-01-02 00:37:04
283,Meera,Gupta,meera.gupta283@example.in,+919871965637,STANDARD,12,70803.29,5900.27,147753.71,2025-10-25 00:37:04
284,Karan,Joshi,karan.joshi284@example.in,+919831751079,HIGH_VALUE,4,18281.73,4570.43,30305.18,2026-03-03 00:37:04
285,Rajesh,Gupta,rajesh.gupta285@example.in,+919859823245,NEW,0,0.0,0.0,4633.8,2026-05-18 00:37:04
286,Karan,Sharma,karan.sharma286@example.in,+919848260510,VIP,5,24377.19,4875.44,44803.78,2026-02-20 00:37:04
287,Sanya,Nair,sanya.nair287@example.in,+919829776801,PRICE_SENSITIVE,2,15209.25,7604.63,24628.09,2026-03-18 00:37:04
288,Sanya,Verma,sanya.verma288@example.in,+919813579612,PRICE_SENSITIVE,1,4294.17,4294.17,9638.83,2025-12-19 00:37:04
289,Karan,Verma,karan.verma289@example.in,+919841645597,PRICE_SENSITIVE,2,14081.86,7040.93,37222.51,2025-12-30 00:37:04
290,Ananya,Kumar,ananya.kumar290@example.in,+919852773159,VIP,10,57248.81,5724.88,141183.12,2026-04-26 00:37:04
291,Aarav,Kumar,aarav.kumar291@example.in,+919848504300,PRICE_SENSITIVE,4,6576.17,1644.04,16244.97,2025-11-11 00:37:04
292,Sanya,Reddy,sanya.reddy292@example.in,+919810704803,VIP,0,0.0,0.0,3945.78,2026-02-28 00:37:04
293,Ananya,Patel,ananya.patel293@example.in,+919883659258,NEW,0,0.0,0.0,4702.27,2025-10-12 00:37:04
294,Rohan,Sharma,rohan.sharma294@example.in,+919848668339,HIGH_VALUE,9,34931.66,3881.3,51999.62,2026-05-08 00:37:04
295,Rajesh,Deshmukh,rajesh.deshmukh295@example.in,+919866348030,NEW,0,0.0,0.0,1498.65,2025-11-17 00:37:04
296,Priya,Sharma,priya.sharma296@example.in,+919877085942,NEW,0,0.0,0.0,4479.59,2025-10-08 00:37:04
297,Rajesh,Nair,rajesh.nair297@example.in,+919887181563,HIGH_VALUE,4,17565.14,4391.29,37175.77,2026-02-10 00:37:04
298,Rohan,Kumar,rohan.kumar298@example.in,+919892518345,STANDARD,7,6374.99,910.71,14639.34,2025-09-20 00:37:04
299,Rohan,Patel,rohan.patel299@example.in,+919899170406,VIP,11,5882.14,534.74,12201.44,2026-06-05 00:37:04
300,Karan,Nair,karan.nair300@example.in,+919878092370,NEW,0,0.0,0.0,4679.42,2025-09-29 00:37:04
301,Rajesh,Joshi,rajesh.joshi301@example.in,+919873100462,VIP,12,37171.14,3097.59,65321.01,2025-12-30 00:37:04
302,Vikram,Kumar,vikram.kumar302@example.in,+919857928328,VIP,11,42807.98,3891.63,66678.68,2026-03-08 00:37:04
303,Priya,Reddy,priya.reddy303@example.in,+919854629892,HIGH_VALUE,1,1556.43,1556.43,5218.08,2026-01-10 00:37:04
304,Karan,Verma,karan.verma304@example.in,+919896274567,HIGH_VALUE,14,50987.17,3641.94,124273.21,2025-11-06 00:37:04
305,Aarav,Patel,aarav.patel305@example.in,+919818469210,PRICE_SENSITIVE,1,4854.41,4854.41,10867.73,2026-02-09 00:37:04
306,Ananya,Kumar,ananya.kumar306@example.in,+919836772387,VIP,10,54765.3,5476.53,83237.9,2026-02-01 00:37:04
307,Karan,Joshi,karan.joshi307@example.in,+919882884346,PRICE_SENSITIVE,8,12919.76,1614.97,23809.01,2026-06-21 00:37:04
308,Ananya,Singh,ananya.singh308@example.in,+919857912262,VIP,10,79765.57,7976.56,151175.45,2026-02-20 00:37:04
309,Priya,Verma,priya.verma309@example.in,+919868646621,PRICE_SENSITIVE,14,14043.03,1003.07,32382.49,2025-12-24 00:37:04
310,Neha,Patel,neha.patel310@example.in,+919876599269,PRICE_SENSITIVE,11,79589.48,7235.41,118495.17,2025-10-17 00:37:04
311,Vikram,Sharma,vikram.sharma311@example.in,+919866975380,VIP,13,10063.59,774.12,21511.57,2025-09-04 00:37:04
312,Aarav,Nair,aarav.nair312@example.in,+919849428661,STANDARD,3,2978.44,992.81,9390.11,2026-05-30 00:37:04
313,Neha,Singh,neha.singh313@example.in,+919851137177,PRICE_SENSITIVE,13,57628.05,4432.93,104777.1,2026-04-15 00:37:04
314,Sanya,Verma,sanya.verma314@example.in,+919870012727,VIP,11,51670.33,4697.3,74159.81,2025-08-29 00:37:04
315,Rohan,Singh,rohan.singh315@example.in,+919895828117,VIP,2,13926.78,6963.39,36334.63,2025-08-17 00:37:04
316,Rohan,Verma,rohan.verma316@example.in,+919878865239,HIGH_VALUE,0,0.0,0.0,3576.0,2026-04-27 00:37:04
317,Meera,Gupta,meera.gupta317@example.in,+919814670638,HIGH_VALUE,2,7131.01,3565.51,10417.17,2026-03-11 00:37:04
318,Neha,Verma,neha.verma318@example.in,+919861385847,NEW,0,0.0,0.0,3635.7,2026-06-23 00:37:04
319,Meera,Patel,meera.patel319@example.in,+919870387584,STANDARD,11,7735.42,703.22,13438.96,2025-11-24 00:37:04
320,Priya,Reddy,priya.reddy320@example.in,+919828481124,NEW,0,0.0,0.0,1078.84,2026-01-03 00:37:04
321,Rohan,Verma,rohan.verma321@example.in,+919897182566,STANDARD,7,8965.7,1280.81,21796.37,2026-05-12 00:37:04
322,Rajesh,Patel,rajesh.patel322@example.in,+919876980546,NEW,0,0.0,0.0,1952.73,2025-12-23 00:37:04
323,Karan,Sharma,karan.sharma323@example.in,+919845135070,STANDARD,14,17441.35,1245.81,30332.31,2026-03-22 00:37:04
324,Meera,Singh,meera.singh324@example.in,+919875927774,HIGH_VALUE,3,20753.17,6917.72,49891.14,2026-05-01 00:37:04
325,Priya,Gupta,priya.gupta325@example.in,+919833173544,PRICE_SENSITIVE,2,11021.28,5510.64,18335.07,2026-01-27 00:37:04
326,Neha,Sharma,neha.sharma326@example.in,+919883819367,NEW,0,0.0,0.0,1052.01,2026-02-11 00:37:04
327,Vikram,Patel,vikram.patel327@example.in,+919895590648,HIGH_VALUE,11,12554.45,1141.31,19564.34,2025-10-22 00:37:04
328,Ananya,Sharma,ananya.sharma328@example.in,+919836975128,HIGH_VALUE,7,13025.36,1860.77,28188.75,2025-10-30 00:37:04
329,Rajesh,Verma,rajesh.verma329@example.in,+919884359498,NEW,0,0.0,0.0,4269.77,2026-01-02 00:37:04
330,Sanya,Nair,sanya.nair330@example.in,+919827417599,NEW,0,0.0,0.0,2037.69,2026-05-26 00:37:04
331,Priya,Singh,priya.singh331@example.in,+919863440127,PRICE_SENSITIVE,13,43520.01,3347.69,87692.8,2025-12-12 00:37:04
332,Meera,Sharma,meera.sharma332@example.in,+919826821075,STANDARD,2,10362.23,5181.12,21158.01,2025-11-21 00:37:04
333,Sanya,Nair,sanya.nair333@example.in,+919856239991,HIGH_VALUE,5,18854.74,3770.95,34637.21,2026-05-04 00:37:04
334,Rohan,Nair,rohan.nair334@example.in,+919817437386,VIP,4,24908.17,6227.04,38900.63,2026-02-04 00:37:04
335,Aarav,Patel,aarav.patel335@example.in,+919853306792,HIGH_VALUE,11,45713.07,4155.73,112215.66,2025-10-17 00:37:04
336,Vikram,Sharma,vikram.sharma336@example.in,+919843635675,HIGH_VALUE,8,29512.81,3689.1,38352.15,2026-05-06 00:37:04
337,Vikram,Reddy,vikram.reddy337@example.in,+919881602209,VIP,5,22811.28,4562.26,48190.68,2025-09-09 00:37:04
338,Meera,Patel,meera.patel338@example.in,+919832978158,NEW,0,0.0,0.0,4339.72,2025-09-03 00:37:04
339,Neha,Reddy,neha.reddy339@example.in,+919815529005,VIP,2,15766.03,7883.02,31380.42,2026-06-16 00:37:04
340,Meera,Singh,meera.singh340@example.in,+919897393186,HIGH_VALUE,13,33049.96,2542.3,45107.31,2025-08-27 00:37:04
341,Rajesh,Gupta,rajesh.gupta341@example.in,+919894176528,NEW,0,0.0,0.0,3306.07,2026-02-11 00:37:04
342,Vikram,Gupta,vikram.gupta342@example.in,+919842866956,PRICE_SENSITIVE,9,22998.73,2555.41,47773.16,2025-11-19 00:37:04
343,Priya,Kumar,priya.kumar343@example.in,+919831217198,PRICE_SENSITIVE,13,87399.83,6723.06,129377.31,2025-11-04 00:37:04
344,Sanya,Deshmukh,sanya.deshmukh344@example.in,+919855659873,NEW,0,0.0,0.0,4600.07,2026-04-27 00:37:04
345,Neha,Verma,neha.verma345@example.in,+919856354851,PRICE_SENSITIVE,4,28216.7,7054.18,59176.25,2026-01-01 00:37:04
346,Karan,Nair,karan.nair346@example.in,+919824251766,STANDARD,7,38414.43,5487.78,59512.78,2025-11-13 00:37:04
347,Priya,Singh,priya.singh347@example.in,+919870343755,HIGH_VALUE,4,14563.12,3640.78,27805.01,2026-05-21 00:37:04
348,Rajesh,Singh,rajesh.singh348@example.in,+919861559717,NEW,0,0.0,0.0,1665.13,2025-12-07 00:37:04
349,Ananya,Patel,ananya.patel349@example.in,+919853947691,NEW,0,0.0,0.0,1331.19,2026-01-30 00:37:04
350,Ananya,Patel,ananya.patel350@example.in,+919876876068,NEW,0,0.0,0.0,1981.4,2025-11-12 00:37:04
351,Sanya,Singh,sanya.singh351@example.in,+919876755908,VIP,2,6839.43,3419.72,13196.86,2025-12-20 00:37:04
352,Karan,Gupta,karan.gupta352@example.in,+919842310051,HIGH_VALUE,11,64821.29,5892.84,106088.92,2026-06-15 00:37:04
353,Rajesh,Singh,rajesh.singh353@example.in,+919876423575,NEW,0,0.0,0.0,3654.68,2025-08-09 00:37:04
354,Sanya,Singh,sanya.singh354@example.in,+919882033413,VIP,3,22578.67,7526.22,50456.82,2025-12-01 00:37:04
355,Aarav,Singh,aarav.singh355@example.in,+919859093843,PRICE_SENSITIVE,11,8072.61,733.87,15819.74,2026-06-16 00:37:04
356,Rohan,Kumar,rohan.kumar356@example.in,+919886541906,NEW,0,0.0,0.0,2985.46,2026-04-01 00:37:04
357,Neha,Nair,neha.nair357@example.in,+919848735464,VIP,12,59715.86,4976.32,101690.23,2025-10-24 00:37:04
358,Sanya,Nair,sanya.nair358@example.in,+919847543473,NEW,0,0.0,0.0,1300.55,2025-08-31 00:37:04
359,Priya,Patel,priya.patel359@example.in,+919822976369,PRICE_SENSITIVE,11,65575.57,5961.42,124684.06,2026-01-17 00:37:04
360,Karan,Verma,karan.verma360@example.in,+919829363237,HIGH_VALUE,12,45134.46,3761.21,72895.35,2025-10-26 00:37:04
361,Rajesh,Kumar,rajesh.kumar361@example.in,+919815222944,HIGH_VALUE,10,64956.19,6495.62,138698.3,2025-11-09 00:37:04
362,Karan,Gupta,karan.gupta362@example.in,+919829990477,NEW,0,0.0,0.0,2443.9,2025-10-19 00:37:04
363,Aarav,Verma,aarav.verma363@example.in,+919892284610,STANDARD,5,5934.33,1186.87,15745.2,2025-12-20 00:37:04
364,Meera,Singh,meera.singh364@example.in,+919889688374,STANDARD,15,114401.7,7626.78,205353.54,2025-09-24 00:37:04
365,Vikram,Gupta,vikram.gupta365@example.in,+919812232974,STANDARD,10,45642.57,4564.26,110496.52,2026-05-14 00:37:04
366,Rohan,Reddy,rohan.reddy366@example.in,+919851295819,VIP,15,98238.13,6549.21,205787.8,2026-02-24 00:37:04
367,Meera,Reddy,meera.reddy367@example.in,+919840540334,VIP,15,103034.51,6868.97,160040.86,2026-04-13 00:37:04
368,Karan,Reddy,karan.reddy368@example.in,+919861028283,HIGH_VALUE,7,15113.5,2159.07,42317.68,2026-06-23 00:37:04
369,Meera,Sharma,meera.sharma369@example.in,+919835606639,VIP,14,11139.82,795.7,28286.74,2026-01-30 00:37:04
370,Rohan,Patel,rohan.patel370@example.in,+919865426567,HIGH_VALUE,13,24106.1,1854.32,51387.49,2025-10-26 00:37:04
371,Meera,Gupta,meera.gupta371@example.in,+919818359252,HIGH_VALUE,6,4527.57,754.59,11727.38,2025-09-25 00:37:04
372,Neha,Gupta,neha.gupta372@example.in,+919880528349,PRICE_SENSITIVE,10,74329.71,7432.97,187804.75,2026-04-12 00:37:04
373,Sanya,Nair,sanya.nair373@example.in,+919855946354,NEW,0,0.0,0.0,4448.17,2026-01-09 00:37:04
374,Vikram,Reddy,vikram.reddy374@example.in,+919874985553,HIGH_VALUE,7,47838.84,6834.12,81567.29,2026-02-17 00:37:04
375,Karan,Singh,karan.singh375@example.in,+919840181142,STANDARD,9,6998.02,777.56,15742.17,2026-03-25 00:37:04
376,Sanya,Verma,sanya.verma376@example.in,+919874398125,STANDARD,8,11234.01,1404.25,18389.81,2026-02-12 00:37:04
377,Priya,Reddy,priya.reddy377@example.in,+919882905845,PRICE_SENSITIVE,12,36588.75,3049.06,79641.72,2026-01-14 00:37:04
378,Aarav,Singh,aarav.singh378@example.in,+919815646068,STANDARD,2,5729.36,2864.68,15056.34,2026-01-13 00:37:04
379,Sanya,Singh,sanya.singh379@example.in,+919874300930,HIGH_VALUE,6,17343.86,2890.64,39468.53,2025-10-07 00:37:04
380,Vikram,Nair,vikram.nair380@example.in,+919846456416,HIGH_VALUE,3,15356.92,5118.97,24176.71,2025-08-28 00:37:04
381,Meera,Deshmukh,meera.deshmukh381@example.in,+919842542167,VIP,7,49180.19,7025.74,64874.88,2025-08-17 00:37:04
382,Ananya,Kumar,ananya.kumar382@example.in,+919823448342,PRICE_SENSITIVE,10,44670.29,4467.03,112332.42,2025-11-10 00:37:04
383,Priya,Patel,priya.patel383@example.in,+919810695441,NEW,0,0.0,0.0,2402.85,2026-04-20 00:37:04
384,Rohan,Gupta,rohan.gupta384@example.in,+919874082055,HIGH_VALUE,9,56285.21,6253.91,99871.35,2026-01-26 00:37:04
385,Vikram,Kumar,vikram.kumar385@example.in,+919822007214,NEW,0,0.0,0.0,4494.71,2026-03-13 00:37:04
386,Karan,Kumar,karan.kumar386@example.in,+919833496796,PRICE_SENSITIVE,5,39403.13,7880.63,89308.91,2026-06-21 00:37:04
387,Rohan,Gupta,rohan.gupta387@example.in,+919835006323,STANDARD,1,3660.18,3660.18,9856.91,2026-07-05 00:37:04
388,Vikram,Reddy,vikram.reddy388@example.in,+919890904160,VIP,10,13285.56,1328.56,24216.39,2026-02-14 00:37:04
389,Sanya,Nair,sanya.nair389@example.in,+919880372842,PRICE_SENSITIVE,4,10889.24,2722.31,17542.42,2025-10-24 00:37:04
390,Sanya,Singh,sanya.singh390@example.in,+919835878707,VIP,10,6340.55,634.05,18461.25,2026-04-17 00:37:04
391,Sanya,Singh,sanya.singh391@example.in,+919834991216,VIP,10,33824.5,3382.45,72347.76,2026-02-08 00:37:04
392,Meera,Deshmukh,meera.deshmukh392@example.in,+919833554528,NEW,0,0.0,0.0,4145.38,2025-08-16 00:37:04
393,Rohan,Joshi,rohan.joshi393@example.in,+919879159799,STANDARD,2,2341.17,1170.58,8596.78,2025-12-16 00:37:04
394,Priya,Patel,priya.patel394@example.in,+919828872606,PRICE_SENSITIVE,10,75854.9,7585.49,140570.63,2026-03-04 00:37:04
395,Rajesh,Singh,rajesh.singh395@example.in,+919861482483,HIGH_VALUE,14,24538.56,1752.75,62991.38,2026-02-23 00:37:04
396,Neha,Singh,neha.singh396@example.in,+919888176558,NEW,0,0.0,0.0,3598.59,2026-07-04 00:37:04
397,Vikram,Verma,vikram.verma397@example.in,+919841715995,VIP,3,15174.08,5058.03,30245.02,2025-11-13 00:37:04
398,Vikram,Patel,vikram.patel398@example.in,+919864414096,NEW,0,0.0,0.0,1881.94,2026-01-31 00:37:04
399,Priya,Singh,priya.singh399@example.in,+919859330907,NEW,0,0.0,0.0,4118.34,2026-03-18 00:37:04
400,Ananya,Patel,ananya.patel400@example.in,+919874180488,HIGH_VALUE,14,43763.15,3125.94,60682.98,2025-09-02 00:37:04
401,Neha,Joshi,neha.joshi401@example.in,+919883717007,PRICE_SENSITIVE,6,42770.36,7128.39,107888.46,2026-03-05 00:37:04
402,Meera,Sharma,meera.sharma402@example.in,+919880532309,PRICE_SENSITIVE,11,19846.36,1804.21,38071.73,2026-05-31 00:37:04
403,Meera,Sharma,meera.sharma403@example.in,+919818289024,NEW,0,0.0,0.0,1615.58,2025-10-24 00:37:04
404,Ananya,Reddy,ananya.reddy404@example.in,+919882029307,HIGH_VALUE,5,33093.74,6618.75,51263.61,2026-01-23 00:37:04
405,Karan,Gupta,karan.gupta405@example.in,+919825601471,HIGH_VALUE,15,67909.62,4527.31,137158.12,2026-05-24 00:37:04
406,Karan,Gupta,karan.gupta406@example.in,+919817467311,PRICE_SENSITIVE,4,4744.61,1186.15,13168.09,2025-10-20 00:37:04
407,Rohan,Gupta,rohan.gupta407@example.in,+919885686878,VIP,14,20599.07,1471.36,53341.08,2026-02-02 00:37:04
408,Rajesh,Joshi,rajesh.joshi408@example.in,+919844152669,VIP,6,41795.74,6965.96,97760.48,2025-09-16 00:37:04
409,Priya,Kumar,priya.kumar409@example.in,+919866867700,STANDARD,2,9262.86,4631.43,14796.72,2025-10-05 00:37:04
410,Rajesh,Sharma,rajesh.sharma410@example.in,+919873360324,VIP,9,29656.47,3295.16,49495.85,2025-12-12 00:37:04
411,Aarav,Patel,aarav.patel411@example.in,+919896104027,PRICE_SENSITIVE,11,46409.75,4219.07,62462.17,2025-12-26 00:37:04
412,Sanya,Joshi,sanya.joshi412@example.in,+919860418290,VIP,4,22497.76,5624.44,33628.75,2025-08-09 00:37:04
413,Neha,Sharma,neha.sharma413@example.in,+919833954324,NEW,0,0.0,0.0,2922.35,2025-12-20 00:37:04
414,Karan,Patel,karan.patel414@example.in,+919839888974,VIP,0,0.0,0.0,4298.72,2026-02-07 00:37:04
415,Sanya,Nair,sanya.nair415@example.in,+919866925500,NEW,0,0.0,0.0,3712.06,2025-12-27 00:37:04
416,Ananya,Deshmukh,ananya.deshmukh416@example.in,+919871824078,STANDARD,4,18971.96,4742.99,33866.73,2026-02-18 00:37:04
417,Ananya,Sharma,ananya.sharma417@example.in,+919814324134,PRICE_SENSITIVE,0,0.0,0.0,3633.81,2026-03-08 00:37:04
418,Ananya,Sharma,ananya.sharma418@example.in,+919823542127,NEW,0,0.0,0.0,4469.18,2026-06-22 00:37:04
419,Sanya,Reddy,sanya.reddy419@example.in,+919816533225,HIGH_VALUE,1,5812.72,5812.72,17090.08,2025-12-16 00:37:04
420,Sanya,Deshmukh,sanya.deshmukh420@example.in,+919882445335,HIGH_VALUE,1,5601.06,5601.06,15236.47,2026-04-29 00:37:04
421,Karan,Singh,karan.singh421@example.in,+919841428626,NEW,0,0.0,0.0,4523.48,2026-01-27 00:37:04
422,Meera,Reddy,meera.reddy422@example.in,+919853038943,HIGH_VALUE,9,63349.44,7038.83,82731.23,2026-04-27 00:37:04
423,Karan,Deshmukh,karan.deshmukh423@example.in,+919865507111,STANDARD,8,11732.19,1466.52,23163.85,2026-06-08 00:37:04
424,Karan,Reddy,karan.reddy424@example.in,+919833505978,PRICE_SENSITIVE,15,25585.49,1705.7,62237.63,2026-06-15 00:37:04
425,Neha,Joshi,neha.joshi425@example.in,+919880392240,STANDARD,13,55978.1,4306.01,69786.59,2025-12-12 00:37:04
426,Aarav,Singh,aarav.singh426@example.in,+919860527631,HIGH_VALUE,15,76904.28,5126.95,193907.03,2026-03-08 00:37:04
427,Ananya,Singh,ananya.singh427@example.in,+919829374563,PRICE_SENSITIVE,1,2448.53,2448.53,8116.27,2025-09-25 00:37:04
428,Rohan,Joshi,rohan.joshi428@example.in,+919884797762,NEW,0,0.0,0.0,1427.92,2026-05-02 00:37:04
429,Rohan,Deshmukh,rohan.deshmukh429@example.in,+919844224936,HIGH_VALUE,10,62077.09,6207.71,123024.81,2025-08-12 00:37:04
430,Priya,Gupta,priya.gupta430@example.in,+919859805178,VIP,6,18384.25,3064.04,41908.57,2026-06-13 00:37:04
431,Vikram,Joshi,vikram.joshi431@example.in,+919891197624,NEW,0,0.0,0.0,4748.91,2026-06-19 00:37:04
432,Priya,Deshmukh,priya.deshmukh432@example.in,+919888864147,NEW,0,0.0,0.0,1271.35,2026-03-20 00:37:04
433,Sanya,Deshmukh,sanya.deshmukh433@example.in,+919854689713,STANDARD,0,0.0,0.0,3832.69,2026-03-23 00:37:04
434,Ananya,Sharma,ananya.sharma434@example.in,+919874279671,HIGH_VALUE,6,6030.78,1005.13,14184.69,2025-12-18 00:37:04
435,Ananya,Nair,ananya.nair435@example.in,+919853166435,STANDARD,12,61882.4,5156.87,82424.84,2025-11-13 00:37:04
436,Karan,Verma,karan.verma436@example.in,+919851395738,STANDARD,11,85812.84,7801.17,215058.82,2025-10-20 00:37:04
437,Sanya,Gupta,sanya.gupta437@example.in,+919823234972,PRICE_SENSITIVE,10,14756.47,1475.65,33352.18,2026-03-27 00:37:04
438,Neha,Verma,neha.verma438@example.in,+919865556767,VIP,7,4661.49,665.93,10509.41,2026-04-26 00:37:04
439,Rajesh,Singh,rajesh.singh439@example.in,+919884264220,NEW,0,0.0,0.0,3733.18,2025-09-16 00:37:04
440,Rohan,Singh,rohan.singh440@example.in,+919830456313,HIGH_VALUE,10,38442.7,3844.27,64794.37,2026-03-14 00:37:04
441,Rohan,Reddy,rohan.reddy441@example.in,+919842981324,PRICE_SENSITIVE,10,36963.6,3696.36,67701.17,2026-02-28 00:37:04
442,Sanya,Gupta,sanya.gupta442@example.in,+919871851421,HIGH_VALUE,11,71071.79,6461.07,151260.83,2026-04-14 00:37:04
443,Aarav,Nair,aarav.nair443@example.in,+919875540707,HIGH_VALUE,1,1117.86,1117.86,5948.39,2025-10-14 00:37:04
444,Rajesh,Sharma,rajesh.sharma444@example.in,+919899686372,VIP,0,0.0,0.0,4803.45,2025-12-10 00:37:04
445,Aarav,Deshmukh,aarav.deshmukh445@example.in,+919819122502,HIGH_VALUE,0,0.0,0.0,2729.34,2026-03-20 00:37:04
446,Karan,Gupta,karan.gupta446@example.in,+919860090149,VIP,15,113656.79,7577.12,201958.57,2025-11-02 00:37:04
447,Rajesh,Kumar,rajesh.kumar447@example.in,+919881432350,NEW,0,0.0,0.0,2096.86,2025-12-11 00:37:04
448,Rajesh,Kumar,rajesh.kumar448@example.in,+919881057233,STANDARD,9,70918.49,7879.83,127416.74,2026-07-01 00:37:04
449,Karan,Joshi,karan.joshi449@example.in,+919834060788,VIP,3,6673.98,2224.66,10982.24,2025-10-14 00:37:04
450,Aarav,Deshmukh,aarav.deshmukh450@example.in,+919835760684,NEW,0,0.0,0.0,2474.11,2025-10-13 00:37:04
451,Vikram,Verma,vikram.verma451@example.in,+919845879718,PRICE_SENSITIVE,2,13965.37,6982.69,30222.34,2025-12-30 00:37:04
452,Rohan,Gupta,rohan.gupta452@example.in,+919885833309,HIGH_VALUE,7,13240.09,1891.44,34945.34,2026-02-06 00:37:04
453,Priya,Kumar,priya.kumar453@example.in,+919822549425,PRICE_SENSITIVE,12,75382.97,6281.91,177290.6,2025-12-28 00:37:04
454,Karan,Gupta,karan.gupta454@example.in,+919817531619,VIP,5,25983.26,5196.65,36743.24,2026-05-28 00:37:04
455,Sanya,Joshi,sanya.joshi455@example.in,+919896557984,STANDARD,3,22219.08,7406.36,48660.86,2025-10-12 00:37:04
456,Rajesh,Deshmukh,rajesh.deshmukh456@example.in,+919838375916,NEW,0,0.0,0.0,1469.23,2025-11-08 00:37:04
457,Vikram,Kumar,vikram.kumar457@example.in,+919819978827,STANDARD,1,1438.89,1438.89,5730.29,2026-04-09 00:37:04
458,Neha,Kumar,neha.kumar458@example.in,+919837804291,NEW,0,0.0,0.0,2966.38,2026-04-27 00:37:04
459,Rohan,Sharma,rohan.sharma459@example.in,+919850168264,HIGH_VALUE,7,6870.97,981.57,15519.46,2025-09-22 00:37:04
460,Rohan,Nair,rohan.nair460@example.in,+919854524025,PRICE_SENSITIVE,4,25926.77,6481.69,44393.7,2026-05-30 00:37:04
461,Karan,Verma,karan.verma461@example.in,+919817207013,VIP,13,7633.0,587.15,12448.46,2026-03-13 00:37:04
462,Priya,Verma,priya.verma462@example.in,+919891224373,NEW,0,0.0,0.0,3400.08,2025-09-08 00:37:04
463,Rohan,Verma,rohan.verma463@example.in,+919813976288,STANDARD,14,37624.57,2687.47,83582.89,2025-10-31 00:37:04
464,Ananya,Verma,ananya.verma464@example.in,+919884227466,PRICE_SENSITIVE,13,82535.47,6348.88,106215.54,2026-04-05 00:37:04
465,Meera,Joshi,meera.joshi465@example.in,+919821501669,NEW,0,0.0,0.0,1968.18,2026-02-08 00:37:04
466,Ananya,Sharma,ananya.sharma466@example.in,+919821010955,STANDARD,4,31599.88,7899.97,46769.1,2025-12-27 00:37:04
467,Aarav,Joshi,aarav.joshi467@example.in,+919852503832,STANDARD,3,15408.5,5136.17,35799.91,2026-05-24 00:37:04
468,Rajesh,Singh,rajesh.singh468@example.in,+919869691437,STANDARD,8,4586.25,573.28,10520.75,2026-05-18 00:37:04
469,Aarav,Sharma,aarav.sharma469@example.in,+919835151299,PRICE_SENSITIVE,14,16225.98,1159.0,28000.04,2025-09-27 00:37:04
470,Karan,Nair,karan.nair470@example.in,+919864766762,VIP,0,0.0,0.0,2587.69,2026-05-25 00:37:04
471,Neha,Nair,neha.nair471@example.in,+919822490873,NEW,0,0.0,0.0,3270.16,2025-09-06 00:37:04
472,Neha,Joshi,neha.joshi472@example.in,+919811656329,STANDARD,13,73722.83,5670.99,166995.98,2025-12-23 00:37:04
473,Priya,Nair,priya.nair473@example.in,+919842580349,NEW,0,0.0,0.0,1418.27,2025-10-16 00:37:04
474,Aarav,Joshi,aarav.joshi474@example.in,+919832750139,HIGH_VALUE,8,42185.81,5273.23,90493.55,2026-02-05 00:37:04
475,Vikram,Gupta,vikram.gupta475@example.in,+919829587040,VIP,5,37607.96,7521.59,50835.63,2025-11-29 00:37:04
476,Vikram,Joshi,vikram.joshi476@example.in,+919850232066,PRICE_SENSITIVE,2,11635.91,5817.95,30994.31,2026-01-06 00:37:04
477,Vikram,Deshmukh,vikram.deshmukh477@example.in,+919893890601,PRICE_SENSITIVE,6,39077.76,6512.96,68397.06,2025-11-17 00:37:04
478,Priya,Patel,priya.patel478@example.in,+919850890504,VIP,12,13210.34,1100.86,34409.85,2026-01-20 00:37:04
479,Meera,Joshi,meera.joshi479@example.in,+919854230340,PRICE_SENSITIVE,10,66297.33,6629.73,122114.85,2025-12-01 00:37:04
480,Meera,Patel,meera.patel480@example.in,+919850323741,STANDARD,6,26688.12,4448.02,58734.44,2025-11-06 00:37:04
481,Neha,Patel,neha.patel481@example.in,+919863450811,STANDARD,9,8573.77,952.64,14680.88,2025-08-19 00:37:04
482,Sanya,Reddy,sanya.reddy482@example.in,+919842537638,STANDARD,12,84460.52,7038.38,130325.49,2026-02-16 00:37:04
483,Rohan,Verma,rohan.verma483@example.in,+919825285764,NEW,0,0.0,0.0,1728.47,2026-03-29 00:37:04
484,Meera,Nair,meera.nair484@example.in,+919834149421,NEW,0,0.0,0.0,3634.83,2026-06-26 00:37:04
485,Sanya,Deshmukh,sanya.deshmukh485@example.in,+919868848427,STANDARD,2,8472.94,4236.47,20161.56,2025-12-12 00:37:04
486,Sanya,Patel,sanya.patel486@example.in,+919895004924,STANDARD,7,15493.87,2213.41,43560.02,2026-03-02 00:37:04
487,Aarav,Joshi,aarav.joshi487@example.in,+919860598851,VIP,14,75284.2,5377.44,113591.06,2025-09-06 00:37:04
488,Sanya,Reddy,sanya.reddy488@example.in,+919863795149,NEW,0,0.0,0.0,1122.61,2025-10-23 00:37:04
489,Rohan,Nair,rohan.nair489@example.in,+919814934536,STANDARD,2,4865.24,2432.62,13237.39,2026-05-15 00:37:04
490,Ananya,Verma,ananya.verma490@example.in,+919832325574,NEW,0,0.0,0.0,3970.83,2026-06-17 00:37:04
491,Meera,Joshi,meera.joshi491@example.in,+919854506155,PRICE_SENSITIVE,3,11073.6,3691.2,20752.44,2026-07-04 00:37:04
492,Priya,Singh,priya.singh492@example.in,+919839796480,NEW,0,0.0,0.0,1160.44,2025-10-17 00:37:04
493,Karan,Reddy,karan.reddy493@example.in,+919887206788,HIGH_VALUE,14,98038.31,7002.74,194152.49,2025-12-30 00:37:04
494,Rohan,Gupta,rohan.gupta494@example.in,+919888999206,NEW,0,0.0,0.0,2946.68,2026-04-23 00:37:04
495,Neha,Kumar,neha.kumar495@example.in,+919874796438,VIP,9,63456.07,7050.67,153135.67,2025-12-09 00:37:04
496,Priya,Sharma,priya.sharma496@example.in,+919829015320,STANDARD,9,23185.88,2576.21,50326.91,2026-01-15 00:37:04
497,Sanya,Deshmukh,sanya.deshmukh497@example.in,+919879942848,PRICE_SENSITIVE,11,22879.63,2079.97,49511.02,2025-11-08 00:37:04
498,Priya,Gupta,priya.gupta498@example.in,+919870726434,STANDARD,2,11996.7,5998.35,20311.22,2026-02-06 00:37:04
499,Rajesh,Sharma,rajesh.sharma499@example.in,+919813031322,STANDARD,3,21953.23,7317.74,33422.06,2026-04-16 00:37:04
500,Ananya,Nair,ananya.nair500@example.in,+919833414716,NEW,0,0.0,0.0,1723.91,2026-04-19 00:37:04
