order_item_id,order_id,product_id,quantity,unit_price
1,1,14,1,21714.55
2,1,4,1,12764.76
3,2,28,1,470.42
4,3,6,1,33938.58
5,3,7,1,23088.42
6,4,43,1,24226.27
7,5,4,1,12764.76
8,5,32,1,5145.04
9,5,37,1,30424.4
10,6,19,1,20611.38
11,6,50,1,19975.03
12,6,20,1,7441.9
13,6,21,1,9659.58
14,7,2,1,8878.17
15,7,15,1,6095.52
16,7,35,1,33955.92
17,7,23,1,1664.26
18,8,25,1,11269.93
19,9,50,1,19975.03
20,10,14,1,21714.55
21,10,13,1,15251.23
22,10,27,1,34536.05
23,11,28,1,470.42
24,12,20,1,7441.9
25,13,49,1,30515.02
26,14,10,1,8490.19
27,14,37,1,30424.4
28,15,29,1,22477.1
29,15,14,1,21714.55
30,16,24,1,15990.76
31,16,32,1,5145.04
32,17,4,1,12764.76
33,17,11,1,6189.77
34,17,37,1,30424.4
35,17,50,1,19975.03
36,18,46,1,3997.88
37,18,42,1,1353.46
38,18,18,1,29592.56
39,19,22,1,18731.11
40,19,47,1,34979.66
41,20,9,1,33952.76
42,20,13,1,15251.23
43,21,49,1,30515.02
44,21,34,1,7303.52
45,21,13,1,15251.23
46,22,28,1,470.42
47,22,44,1,7783.14
48,22,9,1,33952.76
49,23,27,1,34536.05
50,24,1,1,29947.02
51,25,43,1,24226.27
52,25,42,1,1353.46
53,26,4,1,12764.76
54,26,33,1,10984.48
55,26,15,1,6095.52
56,27,36,1,23638.97
57,28,27,1,34536.05
58,28,39,1,33078.06
59,28,45,1,13966.49
60,28,49,1,30515.02
61,29,46,1,3997.88
62,29,10,1,8490.19
63,29,3,1,15751.54
64,29,21,1,9659.58
65,30,43,1,24226.27
66,31,44,1,7783.14
67,31,8,1,27139.29
68,31,35,1,33955.92
69,31,1,1,29947.02
70,32,13,1,15251.23
71,33,2,1,8878.17
72,34,24,1,15990.76
73,34,26,1,1741.62
74,35,11,1,6189.77
75,35,12,1,11993.35
76,35,37,1,30424.4
77,35,43,1,24226.27
78,36,3,1,15751.54
79,36,9,1,33952.76
80,37,25,1,11269.93
81,38,12,1,11993.35
82,38,27,1,34536.05
83,38,33,1,10984.48
84,39,44,1,7783.14
85,39,30,1,16078.93
86,39,38,1,24333.81
87,39,2,1,8878.17
88,40,6,1,33938.58
89,41,12,1,11993.35
90,41,49,1,30515.02
91,41,33,1,10984.48
92,41,18,1,29592.56
93,42,21,1,9659.58
94,42,45,1,13966.49
95,42,1,1,29947.02
96,42,44,1,7783.14
97,43,36,1,23638.97
98,43,28,1,470.42
99,44,36,1,23638.97
100,44,37,1,30424.4
101,44,4,1,12764.76
102,45,23,1,1664.26
103,45,2,1,8878.17
104,45,27,1,34536.05
105,46,29,1,22477.1
106,46,50,1,19975.03
107,46,24,1,15990.76
108,47,42,1,1353.46
109,48,6,1,33938.58
110,48,29,1,22477.1
111,49,35,1,33955.92
112,50,13,1,15251.23
113,51,8,1,27139.29
114,51,7,1,23088.42
115,51,34,1,7303.52
116,52,13,1,15251.23
117,52,34,1,7303.52
118,52,43,1,24226.27
119,52,16,1,1571.54
120,53,47,1,34979.66
121,53,21,1,9659.58
122,53,39,1,33078.06
123,53,16,1,1571.54
124,54,24,1,15990.76
125,54,38,1,24333.81
126,54,16,1,1571.54
127,55,6,1,33938.58
128,55,31,1,17262.47
129,55,37,1,30424.4
130,56,22,1,18731.11
131,57,7,1,23088.42
132,57,2,1,8878.17
133,57,19,1,20611.38
134,58,9,1,33952.76
135,58,11,1,6189.77
136,58,13,1,15251.23
137,58,15,1,6095.52
138,59,36,1,23638.97
139,60,19,1,20611.38
140,60,41,1,30450.87
141,60,12,1,11993.35
142,60,8,1,27139.29
143,61,6,1,33938.58
144,61,39,1,33078.06
145,61,1,1,29947.02
146,61,16,1,1571.54
147,62,7,1,23088.42
148,63,31,1,17262.47
149,64,17,1,23333.68
150,64,5,1,5973.44
151,64,20,1,7441.9
152,65,46,1,3997.88
153,65,39,1,33078.06
154,66,10,1,8490.19
155,66,40,1,17551.46
156,67,46,1,3997.88
157,67,23,1,1664.26
158,67,6,1,33938.58
159,67,38,1,24333.81
160,68,41,1,30450.87
161,68,21,1,9659.58
162,68,46,1,3997.88
163,68,25,1,11269.93
164,69,33,1,10984.48
165,69,28,1,470.42
166,69,36,1,23638.97
167,69,29,1,22477.1
168,70,34,1,7303.52
169,70,6,1,33938.58
170,70,40,1,17551.46
171,70,16,1,1571.54
172,71,39,1,33078.06
173,71,10,1,8490.19
174,72,8,1,27139.29
175,72,45,1,13966.49
176,73,2,1,8878.17
177,73,32,1,5145.04
178,73,10,1,8490.19
179,73,42,1,1353.46
180,74,30,1,16078.93
181,75,41,1,30450.87
182,76,5,1,5973.44
183,76,35,1,33955.92
184,76,42,1,1353.46
185,76,20,1,7441.9
186,77,12,1,11993.35
187,78,28,1,470.42
188,78,17,1,23333.68
189,79,7,1,23088.42
190,79,16,1,1571.54
191,80,18,1,29592.56
192,80,1,1,29947.02
193,80,47,1,34979.66
194,80,28,1,470.42
195,81,45,1,13966.49
196,81,7,1,23088.42
197,81,29,1,22477.1
198,81,32,1,5145.04
199,82,12,1,11993.35
200,82,42,1,1353.46
201,82,36,1,23638.97
202,83,46,1,3997.88
203,83,35,1,33955.92
204,83,44,1,7783.14
205,83,19,1,20611.38
206,84,24,1,15990.76
207,84,19,1,20611.38
208,84,50,1,19975.03
209,84,4,1,12764.76
210,85,17,1,23333.68
211,85,24,1,15990.76
212,85,12,1,11993.35
213,85,14,1,21714.55
214,86,1,1,29947.02
215,86,48,1,34207.92
216,87,20,1,7441.9
217,88,13,1,15251.23
218,88,2,1,8878.17
219,88,6,1,33938.58
220,89,14,1,21714.55
221,89,20,1,7441.9
222,90,21,1,9659.58
223,90,44,1,7783.14
224,90,20,1,7441.9
225,91,3,1,15751.54
226,91,5,1,5973.44
227,91,20,1,7441.9
228,92,8,1,27139.29
229,92,49,1,30515.02
230,92,21,1,9659.58
231,92,30,1,16078.93
232,93,49,1,30515.02
233,94,16,1,1571.54
234,94,42,1,1353.46
235,95,18,1,29592.56
236,95,2,1,8878.17
237,95,45,1,13966.49
238,95,31,1,17262.47
239,96,38,1,24333.81
240,97,43,1,24226.27
241,97,48,1,34207.92
242,98,48,1,34207.92
243,98,44,1,7783.14
244,99,16,1,1571.54
245,99,8,1,27139.29
246,99,10,1,8490.19
247,99,13,1,15251.23
248,100,2,1,8878.17
249,100,42,1,1353.46
250,100,39,1,33078.06
251,101,31,1,17262.47
252,101,48,1,34207.92
253,101,9,1,33952.76
254,101,17,1,23333.68
255,102,13,1,15251.23
256,102,18,1,29592.56
257,103,2,1,8878.17
258,103,19,1,20611.38
259,104,43,1,24226.27
260,104,7,1,23088.42
261,104,24,1,15990.76
262,105,50,1,19975.03
263,106,26,1,1741.62
264,107,16,1,1571.54
265,107,14,1,21714.55
266,107,36,1,23638.97
267,108,29,1,22477.1
268,109,29,1,22477.1
269,110,43,1,24226.27
270,111,20,1,7441.9
271,111,6,1,33938.58
272,112,2,1,8878.17
273,112,35,1,33955.92
274,113,29,1,22477.1
275,114,39,1,33078.06
276,115,2,1,8878.17
277,115,10,1,8490.19
278,115,38,1,24333.81
279,115,27,1,34536.05
280,116,49,1,30515.02
281,116,31,1,17262.47
282,117,38,1,24333.81
283,117,3,1,15751.54
284,117,32,1,5145.04
285,117,2,1,8878.17
286,118,27,1,34536.05
287,118,44,1,7783.14
288,118,11,1,6189.77
289,119,24,1,15990.76
290,119,35,1,33955.92
291,120,31,1,17262.47
292,121,20,1,7441.9
293,122,1,1,29947.02
294,123,9,1,33952.76
295,124,28,1,470.42
296,125,7,1,23088.42
297,126,12,1,11993.35
298,126,16,1,1571.54
299,126,9,1,33952.76
300,126,3,1,15751.54
301,127,24,1,15990.76
302,127,43,1,24226.27
303,127,11,1,6189.77
304,128,35,1,33955.92
305,128,19,1,20611.38
306,129,46,1,3997.88
307,129,32,1,5145.04
308,129,31,1,17262.47
309,129,18,1,29592.56
310,130,38,1,24333.81
311,130,2,1,8878.17
312,130,37,1,30424.4
313,131,22,1,18731.11
314,132,13,1,15251.23
315,132,5,1,5973.44
316,133,26,1,1741.62
317,133,40,1,17551.46
318,133,12,1,11993.35
319,134,12,1,11993.35
320,134,14,1,21714.55
321,134,46,1,3997.88
322,135,43,1,24226.27
323,136,25,1,11269.93
324,136,30,1,16078.93
325,136,20,1,7441.9
326,137,26,1,1741.62
327,137,27,1,34536.05
328,137,48,1,34207.92
329,137,24,1,15990.76
330,138,28,1,470.42
331,138,48,1,34207.92
332,138,16,1,1571.54
333,138,31,1,17262.47
334,139,18,1,29592.56
335,139,48,1,34207.92
336,140,31,1,17262.47
337,140,43,1,24226.27
338,140,45,1,13966.49
339,140,7,1,23088.42
340,141,39,1,33078.06
341,141,19,1,20611.38
342,142,23,1,1664.26
343,142,49,1,30515.02
344,142,26,1,1741.62
345,142,5,1,5973.44
346,143,10,1,8490.19
347,143,14,1,21714.55
348,143,48,1,34207.92
349,144,38,1,24333.81
350,145,37,1,30424.4
351,145,14,1,21714.55
352,146,41,1,30450.87
353,147,37,1,30424.4
354,147,48,1,34207.92
355,147,18,1,29592.56
356,147,4,1,12764.76
357,148,1,1,29947.02
358,148,28,1,470.42
359,148,44,1,7783.14
360,148,33,1,10984.48
361,149,25,1,11269.93
362,149,11,1,6189.77
363,149,24,1,15990.76
364,149,8,1,27139.29
365,150,12,1,11993.35
366,150,35,1,33955.92
367,150,18,1,29592.56
368,150,7,1,23088.42
369,151,11,1,6189.77
370,152,9,1,33952.76
371,152,8,1,27139.29
372,152,7,1,23088.42
373,152,2,1,8878.17
374,153,12,1,11993.35
375,153,1,1,29947.02
376,154,29,1,22477.1
377,154,15,1,6095.52
378,155,31,1,17262.47
379,155,49,1,30515.02
380,156,1,1,29947.02
381,156,14,1,21714.55
382,156,2,1,8878.17
383,157,29,1,22477.1
384,157,42,1,1353.46
385,157,45,1,13966.49
386,158,46,1,3997.88
387,158,15,1,6095.52
388,158,28,1,470.42
389,159,42,1,1353.46
390,159,26,1,1741.62
391,159,25,1,11269.93
392,160,21,1,9659.58
393,160,11,1,6189.77
394,160,19,1,20611.38
395,160,5,1,5973.44
396,161,24,1,15990.76
397,162,30,1,16078.93
398,162,42,1,1353.46
399,162,35,1,33955.92
400,163,8,1,27139.29
401,163,18,1,29592.56
402,163,30,1,16078.93
403,163,3,1,15751.54
404,164,27,1,34536.05
405,164,44,1,7783.14
406,164,16,1,1571.54
407,165,31,1,17262.47
408,165,40,1,17551.46
409,165,39,1,33078.06
410,166,48,1,34207.92
411,166,32,1,5145.04
412,166,28,1,470.42
413,166,33,1,10984.48
414,167,21,1,9659.58
415,167,40,1,17551.46
416,167,7,1,23088.42
417,168,39,1,33078.06
418,168,42,1,1353.46
419,168,34,1,7303.52
420,169,36,1,23638.97
421,170,2,1,8878.17
422,170,42,1,1353.46
423,170,37,1,30424.4
424,171,15,1,6095.52
425,172,22,1,18731.11
426,173,12,1,11993.35
427,173,39,1,33078.06
428,173,18,1,29592.56
429,173,34,1,7303.52
430,174,18,1,29592.56
431,175,13,1,15251.23
432,176,40,1,17551.46
433,176,36,1,23638.97
434,176,43,1,24226.27
435,177,28,1,470.42
436,177,7,1,23088.42
437,177,9,1,33952.76
438,177,34,1,7303.52
439,178,38,1,24333.81
440,178,33,1,10984.48
441,179,6,1,33938.58
442,180,48,1,34207.92
443,181,20,1,7441.9
444,181,41,1,30450.87
445,182,10,1,8490.19
446,182,41,1,30450.87
447,182,2,1,8878.17
448,182,12,1,11993.35
449,183,45,1,13966.49
450,183,7,1,23088.42
451,183,30,1,16078.93
452,183,27,1,34536.05
453,184,8,1,27139.29
454,184,3,1,15751.54
455,184,48,1,34207.92
456,185,1,1,29947.02
457,185,24,1,15990.76
458,186,40,1,17551.46
459,186,36,1,23638.97
460,186,9,1,33952.76
461,187,38,1,24333.81
462,188,36,1,23638.97
463,189,9,1,33952.76
464,190,14,1,21714.55
465,190,25,1,11269.93
466,191,18,1,29592.56
467,192,15,1,6095.52
468,192,41,1,30450.87
469,193,33,1,10984.48
470,194,24,1,15990.76
471,195,19,1,20611.38
472,195,22,1,18731.11
473,195,21,1,9659.58
474,196,49,1,30515.02
475,196,36,1,23638.97
476,196,46,1,3997.88
477,197,8,1,27139.29
478,197,22,1,18731.11
479,197,38,1,24333.81
480,198,47,1,34979.66
481,198,50,1,19975.03
482,199,24,1,15990.76
483,200,13,1,15251.23
484,200,36,1,23638.97
485,200,43,1,24226.27
486,201,7,1,23088.42
487,201,15,1,6095.52
488,201,8,1,27139.29
489,202,25,1,11269.93
490,203,27,1,34536.05
491,203,20,1,7441.9
492,203,48,1,34207.92
493,204,48,1,34207.92
494,204,47,1,34979.66
495,204,9,1,33952.76
496,205,18,1,29592.56
497,205,19,1,20611.38
498,206,47,1,34979.66
499,207,1,1,29947.02
500,207,15,1,6095.52
501,208,43,1,24226.27
502,208,31,1,17262.47
503,208,21,1,9659.58
504,208,20,1,7441.9
505,209,1,1,29947.02
506,209,38,1,24333.81
507,210,13,1,15251.23
508,211,17,1,23333.68
509,211,45,1,13966.49
510,211,29,1,22477.1
511,212,23,1,1664.26
512,212,42,1,1353.46
513,212,44,1,7783.14
514,212,19,1,20611.38
515,213,43,1,24226.27
516,214,28,1,470.42
517,214,17,1,23333.68
518,214,48,1,34207.92
519,215,30,1,16078.93
520,215,24,1,15990.76
521,215,4,1,12764.76
522,215,39,1,33078.06
523,216,49,1,30515.02
524,216,2,1,8878.17
525,216,19,1,20611.38
526,216,36,1,23638.97
527,217,38,1,24333.81
528,217,42,1,1353.46
529,217,27,1,34536.05
530,217,13,1,15251.23
531,218,1,1,29947.02
532,219,8,1,27139.29
533,219,7,1,23088.42
534,219,10,1,8490.19
535,219,17,1,23333.68
536,220,30,1,16078.93
537,221,49,1,30515.02
538,222,25,1,11269.93
539,222,32,1,5145.04
540,222,42,1,1353.46
541,223,3,1,15751.54
542,223,39,1,33078.06
543,224,2,1,8878.17
544,224,46,1,3997.88
545,224,13,1,15251.23
546,225,38,1,24333.81
547,225,20,1,7441.9
548,226,24,1,15990.76
549,226,50,1,19975.03
550,226,29,1,22477.1
551,227,50,1,19975.03
552,227,37,1,30424.4
553,228,29,1,22477.1
554,228,8,1,27139.29
555,229,11,1,6189.77
556,229,27,1,34536.05
557,229,12,1,11993.35
558,229,34,1,7303.52
559,230,12,1,11993.35
560,230,17,1,23333.68
561,230,22,1,18731.11
562,231,8,1,27139.29
563,231,36,1,23638.97
564,231,46,1,3997.88
565,231,19,1,20611.38
566,232,9,1,33952.76
567,232,47,1,34979.66
568,232,20,1,7441.9
569,233,42,1,1353.46
570,233,27,1,34536.05
571,234,29,1,22477.1
572,234,10,1,8490.19
573,235,8,1,27139.29
574,235,35,1,33955.92
575,235,48,1,34207.92
576,236,42,1,1353.46
577,236,14,1,21714.55
578,236,10,1,8490.19
579,236,1,1,29947.02
580,237,7,1,23088.42
581,237,39,1,33078.06
582,237,15,1,6095.52
583,238,46,1,3997.88
584,239,10,1,8490.19
585,239,50,1,19975.03
586,239,35,1,33955.92
587,239,44,1,7783.14
588,240,9,1,33952.76
589,240,22,1,18731.11
590,240,12,1,11993.35
591,240,7,1,23088.42
592,241,41,1,30450.87
593,241,40,1,17551.46
594,242,21,1,9659.58
595,242,9,1,33952.76
596,242,29,1,22477.1
597,243,50,1,19975.03
598,243,19,1,20611.38
599,243,44,1,7783.14
600,243,45,1,13966.49
601,244,35,1,33955.92
602,244,4,1,12764.76
603,244,44,1,7783.14
604,245,32,1,5145.04
605,245,14,1,21714.55
606,246,25,1,11269.93
607,246,10,1,8490.19
608,246,19,1,20611.38
609,246,33,1,10984.48
610,247,31,1,17262.47
611,247,10,1,8490.19
612,247,30,1,16078.93
613,247,35,1,33955.92
614,248,8,1,27139.29
615,248,35,1,33955.92
616,248,40,1,17551.46
617,248,27,1,34536.05
618,249,44,1,7783.14
619,249,26,1,1741.62
620,249,10,1,8490.19
621,250,45,1,13966.49
622,251,24,1,15990.76
623,251,5,1,5973.44
624,252,35,1,33955.92
625,252,37,1,30424.4
626,253,37,1,30424.4
627,254,27,1,34536.05
628,254,2,1,8878.17
629,254,9,1,33952.76
630,254,21,1,9659.58
631,255,5,1,5973.44
632,256,45,1,13966.49
633,256,13,1,15251.23
634,256,9,1,33952.76
635,257,6,1,33938.58
636,257,34,1,7303.52
637,257,32,1,5145.04
638,258,21,1,9659.58
639,259,42,1,1353.46
640,260,47,1,34979.66
641,260,25,1,11269.93
642,260,36,1,23638.97
643,261,32,1,5145.04
644,261,5,1,5973.44
645,262,42,1,1353.46
646,263,32,1,5145.04
647,263,31,1,17262.47
648,264,20,1,7441.9
649,265,18,1,29592.56
650,266,5,1,5973.44
651,266,26,1,1741.62
652,267,14,1,21714.55
653,267,45,1,13966.49
654,268,35,1,33955.92
655,268,41,1,30450.87
656,269,8,1,27139.29
657,269,28,1,470.42
658,269,23,1,1664.26
659,269,43,1,24226.27
660,270,36,1,23638.97
661,270,17,1,23333.68
662,270,31,1,17262.47
663,271,16,1,1571.54
664,271,26,1,1741.62
665,271,31,1,17262.47
666,272,28,1,470.42
667,272,25,1,11269.93
668,272,21,1,9659.58
669,272,8,1,27139.29
670,273,29,1,22477.1
671,273,10,1,8490.19
672,273,19,1,20611.38
673,274,11,1,6189.77
674,274,16,1,1571.54
675,274,2,1,8878.17
676,274,13,1,15251.23
677,275,49,1,30515.02
678,275,17,1,23333.68
679,275,34,1,7303.52
680,275,27,1,34536.05
681,276,13,1,15251.23
682,276,49,1,30515.02
683,276,2,1,8878.17
684,276,14,1,21714.55
685,277,24,1,15990.76
686,277,14,1,21714.55
687,277,30,1,16078.93
688,277,9,1,33952.76
689,278,41,1,30450.87
690,278,34,1,7303.52
691,279,15,1,6095.52
692,279,3,1,15751.54
693,279,20,1,7441.9
694,279,1,1,29947.02
695,280,39,1,33078.06
696,280,50,1,19975.03
697,280,16,1,1571.54
698,281,36,1,23638.97
699,281,15,1,6095.52
700,282,20,1,7441.9
701,283,11,1,6189.77
702,283,39,1,33078.06
703,283,21,1,9659.58
704,284,12,1,11993.35
705,284,3,1,15751.54
706,284,9,1,33952.76
707,284,19,1,20611.38
708,285,32,1,5145.04
709,285,7,1,23088.42
710,285,18,1,29592.56
711,285,38,1,24333.81
712,286,43,1,24226.27
713,286,11,1,6189.77
714,286,45,1,13966.49
715,287,10,1,8490.19
716,287,46,1,3997.88
717,287,3,1,15751.54
718,287,6,1,33938.58
719,288,27,1,34536.05
720,288,3,1,15751.54
721,289,17,1,23333.68
722,289,20,1,7441.9
723,289,42,1,1353.46
724,289,3,1,15751.54
725,290,44,1,7783.14
726,291,27,1,34536.05
727,291,11,1,6189.77
728,291,28,1,470.42
729,292,38,1,24333.81
730,293,19,1,20611.38
731,293,3,1,15751.54
732,293,7,1,23088.42
733,293,4,1,12764.76
734,294,16,1,1571.54
735,294,40,1,17551.46
736,294,8,1,27139.29
737,295,43,1,24226.27
738,295,16,1,1571.54
739,296,45,1,13966.49
740,296,18,1,29592.56
741,297,8,1,27139.29
742,297,18,1,29592.56
743,298,19,1,20611.38
744,298,17,1,23333.68
745,299,7,1,23088.42
746,300,43,1,24226.27
747,301,28,1,470.42
748,302,40,1,17551.46
749,302,29,1,22477.1
750,303,10,1,8490.19
751,304,26,1,1741.62
752,305,23,1,1664.26
753,305,49,1,30515.02
754,306,3,1,15751.54
755,306,19,1,20611.38
756,306,44,1,7783.14
757,307,6,1,33938.58
758,308,12,1,11993.35
759,309,49,1,30515.02
760,309,27,1,34536.05
761,310,17,1,23333.68
762,311,24,1,15990.76
763,311,25,1,11269.93
764,312,50,1,19975.03
765,312,28,1,470.42
766,313,42,1,1353.46
767,314,2,1,8878.17
768,314,36,1,23638.97
769,314,6,1,33938.58
770,315,35,1,33955.92
771,315,16,1,1571.54
772,316,41,1,30450.87
773,316,23,1,1664.26
774,317,9,1,33952.76
775,317,3,1,15751.54
776,318,42,1,1353.46
777,319,35,1,33955.92
778,319,26,1,1741.62
779,320,44,1,7783.14
780,320,30,1,16078.93
781,320,37,1,30424.4
782,321,38,1,24333.81
783,321,26,1,1741.62
784,321,13,1,15251.23
785,321,9,1,33952.76
786,322,7,1,23088.42
787,322,15,1,6095.52
788,322,33,1,10984.48
789,323,21,1,9659.58
790,323,3,1,15751.54
791,323,2,1,8878.17
792,323,40,1,17551.46
793,324,40,1,17551.46
794,324,8,1,27139.29
795,324,6,1,33938.58
796,325,19,1,20611.38
797,325,34,1,7303.52
798,325,40,1,17551.46
799,326,21,1,9659.58
800,326,17,1,23333.68
801,326,48,1,34207.92
802,326,24,1,15990.76
803,327,26,1,1741.62
804,328,16,1,1571.54
805,328,36,1,23638.97
806,328,10,1,8490.19
807,329,11,1,6189.77
808,329,26,1,1741.62
809,330,44,1,7783.14
810,330,14,1,21714.55
811,330,45,1,13966.49
812,331,50,1,19975.03
813,331,47,1,34979.66
814,332,11,1,6189.77
815,332,8,1,27139.29
816,333,50,1,19975.03
817,333,45,1,13966.49
818,334,28,1,470.42
819,334,20,1,7441.9
820,334,40,1,17551.46
821,335,29,1,22477.1
822,336,46,1,3997.88
823,337,40,1,17551.46
824,337,39,1,33078.06
825,337,33,1,10984.48
826,338,25,1,11269.93
827,338,39,1,33078.06
828,338,36,1,23638.97
829,338,48,1,34207.92
830,339,48,1,34207.92
831,339,45,1,13966.49
832,340,2,1,8878.17
833,340,14,1,21714.55
834,341,16,1,1571.54
835,342,39,1,33078.06
836,342,26,1,1741.62
837,342,6,1,33938.58
838,343,32,1,5145.04
839,344,20,1,7441.9
840,344,33,1,10984.48
841,344,25,1,11269.93
842,344,37,1,30424.4
843,345,33,1,10984.48
844,346,9,1,33952.76
845,346,16,1,1571.54
846,346,24,1,15990.76
847,346,17,1,23333.68
848,347,36,1,23638.97
849,347,23,1,1664.26
850,347,41,1,30450.87
851,347,11,1,6189.77
852,348,50,1,19975.03
853,348,26,1,1741.62
854,348,49,1,30515.02
855,348,14,1,21714.55
856,349,21,1,9659.58
857,349,47,1,34979.66
858,350,42,1,1353.46
859,351,22,1,18731.11
860,351,48,1,34207.92
861,351,38,1,24333.81
862,352,46,1,3997.88
863,353,6,1,33938.58
864,353,48,1,34207.92
865,353,3,1,15751.54
866,353,24,1,15990.76
867,354,36,1,23638.97
868,354,46,1,3997.88
869,354,21,1,9659.58
870,355,40,1,17551.46
871,355,22,1,18731.11
872,355,23,1,1664.26
873,355,6,1,33938.58
874,356,19,1,20611.38
875,356,44,1,7783.14
876,356,40,1,17551.46
877,356,14,1,21714.55
878,357,22,1,18731.11
879,357,21,1,9659.58
880,358,19,1,20611.38
881,358,7,1,23088.42
882,359,37,1,30424.4
883,359,12,1,11993.35
884,359,6,1,33938.58
885,360,30,1,16078.93
886,360,24,1,15990.76
887,361,34,1,7303.52
888,361,8,1,27139.29
889,361,37,1,30424.4
890,362,4,1,12764.76
891,362,17,1,23333.68
892,363,37,1,30424.4
893,363,39,1,33078.06
894,363,46,1,3997.88
895,364,31,1,17262.47
896,365,30,1,16078.93
897,365,12,1,11993.35
898,365,24,1,15990.76
899,366,28,1,470.42
900,366,24,1,15990.76
901,367,11,1,6189.77
902,367,27,1,34536.05
903,368,44,1,7783.14
904,369,6,1,33938.58
905,369,36,1,23638.97
906,369,18,1,29592.56
907,369,21,1,9659.58
908,370,42,1,1353.46
909,370,34,1,7303.52
910,370,43,1,24226.27
911,371,47,1,34979.66
912,371,24,1,15990.76
913,372,19,1,20611.38
914,373,45,1,13966.49
915,373,10,1,8490.19
916,374,26,1,1741.62
917,374,4,1,12764.76
918,374,25,1,11269.93
919,375,26,1,1741.62
920,375,43,1,24226.27
921,376,3,1,15751.54
922,376,24,1,15990.76
923,376,21,1,9659.58
924,376,17,1,23333.68
925,377,2,1,8878.17
926,377,37,1,30424.4
927,377,43,1,24226.27
928,378,10,1,8490.19
929,379,13,1,15251.23
930,379,25,1,11269.93
931,379,23,1,1664.26
932,379,28,1,470.42
933,380,7,1,23088.42
934,380,1,1,29947.02
935,381,43,1,24226.27
936,381,29,1,22477.1
937,382,15,1,6095.52
938,382,35,1,33955.92
939,383,47,1,34979.66
940,383,50,1,19975.03
941,383,7,1,23088.42
942,383,31,1,17262.47
943,384,32,1,5145.04
944,384,16,1,1571.54
945,385,23,1,1664.26
946,385,7,1,23088.42
947,386,10,1,8490.19
948,386,32,1,5145.04
949,387,19,1,20611.38
950,387,20,1,7441.9
951,388,26,1,1741.62
952,388,28,1,470.42
953,389,23,1,1664.26
954,389,37,1,30424.4
955,390,30,1,16078.93
956,390,43,1,24226.27
957,391,42,1,1353.46
958,392,48,1,34207.92
959,392,19,1,20611.38
960,392,33,1,10984.48
961,393,12,1,11993.35
962,393,37,1,30424.4
963,393,33,1,10984.48
964,393,32,1,5145.04
965,394,43,1,24226.27
966,394,12,1,11993.35
967,394,8,1,27139.29
968,395,33,1,10984.48
969,395,45,1,13966.49
970,396,23,1,1664.26
971,397,29,1,22477.1
972,398,26,1,1741.62
973,398,30,1,16078.93
974,399,49,1,30515.02
975,400,42,1,1353.46
976,400,14,1,21714.55
977,400,2,1,8878.17
978,401,33,1,10984.48
979,402,9,1,33952.76
980,402,43,1,24226.27
981,402,12,1,11993.35
982,402,6,1,33938.58
983,403,12,1,11993.35
984,403,38,1,24333.81
985,404,17,1,23333.68
986,404,19,1,20611.38
987,405,35,1,33955.92
988,406,18,1,29592.56
989,407,9,1,33952.76
990,407,42,1,1353.46
991,407,21,1,9659.58
992,408,32,1,5145.04
993,408,12,1,11993.35
994,408,30,1,16078.93
995,408,2,1,8878.17
996,409,38,1,24333.81
997,409,21,1,9659.58
998,410,33,1,10984.48
999,410,35,1,33955.92
1000,411,49,1,30515.02
1001,411,31,1,17262.47
1002,411,29,1,22477.1
1003,412,48,1,34207.92
1004,412,25,1,11269.93
1005,413,45,1,13966.49
1006,414,31,1,17262.47
1007,414,39,1,33078.06
1008,414,21,1,9659.58
1009,414,2,1,8878.17
1010,415,7,1,23088.42
1011,416,17,1,23333.68
1012,416,20,1,7441.9
1013,416,16,1,1571.54
1014,416,27,1,34536.05
1015,417,15,1,6095.52
1016,418,31,1,17262.47
1017,418,36,1,23638.97
1018,418,28,1,470.42
1019,419,33,1,10984.48
1020,420,28,1,470.42
1021,421,21,1,9659.58
1022,422,7,1,23088.42
1023,422,36,1,23638.97
1024,422,8,1,27139.29
1025,423,22,1,18731.11
1026,424,6,1,33938.58
1027,424,32,1,5145.04
1028,424,27,1,34536.05
1029,424,35,1,33955.92
1030,425,10,1,8490.19
1031,425,9,1,33952.76
1032,425,16,1,1571.54
1033,426,39,1,33078.06
1034,426,48,1,34207.92
1035,426,49,1,30515.02
1036,427,35,1,33955.92
1037,427,36,1,23638.97
1038,428,34,1,7303.52
1039,429,11,1,6189.77
1040,429,4,1,12764.76
1041,430,47,1,34979.66
1042,431,14,1,21714.55
1043,432,23,1,1664.26
1044,432,30,1,16078.93
1045,432,33,1,10984.48
1046,433,36,1,23638.97
1047,433,6,1,33938.58
1048,433,1,1,29947.02
1049,434,21,1,9659.58
1050,434,48,1,34207.92
1051,434,49,1,30515.02
1052,435,10,1,8490.19
1053,435,25,1,11269.93
1054,435,41,1,30450.87
1055,436,10,1,8490.19
1056,436,3,1,15751.54
1057,436,23,1,1664.26
1058,436,5,1,5973.44
1059,437,31,1,17262.47
1060,437,27,1,34536.05
1061,437,45,1,13966.49
1062,437,9,1,33952.76
1063,438,44,1,7783.14
1064,438,26,1,1741.62
1065,439,29,1,22477.1
1066,439,28,1,470.42
1067,439,16,1,1571.54
1068,440,9,1,33952.76
1069,440,30,1,16078.93
1070,441,4,1,12764.76
1071,441,9,1,33952.76
1072,441,28,1,470.42
1073,441,46,1,3997.88
1074,442,11,1,6189.77
1075,443,1,1,29947.02
1076,444,26,1,1741.62
1077,444,29,1,22477.1
1078,445,21,1,9659.58
1079,445,9,1,33952.76
1080,445,18,1,29592.56
1081,446,28,1,470.42
1082,446,18,1,29592.56
1083,446,4,1,12764.76
1084,447,12,1,11993.35
1085,447,2,1,8878.17
1086,447,48,1,34207.92
1087,447,33,1,10984.48
1088,448,12,1,11993.35
1089,448,23,1,1664.26
1090,449,2,1,8878.17
1091,450,15,1,6095.52
1092,450,30,1,16078.93
1093,450,12,1,11993.35
1094,451,12,1,11993.35
1095,451,40,1,17551.46
1096,451,3,1,15751.54
1097,452,3,1,15751.54
1098,452,11,1,6189.77
1099,453,49,1,30515.02
1100,453,15,1,6095.52
1101,453,26,1,1741.62
1102,453,36,1,23638.97
1103,454,50,1,19975.03
1104,455,12,1,11993.35
1105,455,48,1,34207.92
1106,456,14,1,21714.55
1107,456,33,1,10984.48
1108,456,49,1,30515.02
1109,457,19,1,20611.38
1110,458,31,1,17262.47
1111,458,33,1,10984.48
1112,458,1,1,29947.02
1113,458,25,1,11269.93
1114,459,22,1,18731.11
1115,459,34,1,7303.52
1116,459,44,1,7783.14
1117,460,45,1,13966.49
1118,461,12,1,11993.35
1119,461,39,1,33078.06
1120,461,34,1,7303.52
1121,462,40,1,17551.46
1122,462,27,1,34536.05
1123,462,7,1,23088.42
1124,462,34,1,7303.52
1125,463,20,1,7441.9
1126,463,47,1,34979.66
1127,464,39,1,33078.06
1128,465,35,1,33955.92
1129,465,1,1,29947.02
1130,465,10,1,8490.19
1131,465,26,1,1741.62
1132,466,13,1,15251.23
1133,467,3,1,15751.54
1134,467,19,1,20611.38
1135,467,30,1,16078.93
1136,467,44,1,7783.14
1137,468,37,1,30424.4
1138,468,18,1,29592.56
1139,469,1,1,29947.02
1140,469,9,1,33952.76
1141,470,45,1,13966.49
1142,470,13,1,15251.23
1143,471,48,1,34207.92
1144,471,36,1,23638.97
1145,471,39,1,33078.06
1146,472,5,1,5973.44
1147,473,21,1,9659.58
1148,474,31,1,17262.47
1149,474,47,1,34979.66
1150,474,6,1,33938.58
1151,474,35,1,33955.92
1152,475,3,1,15751.54
1153,476,1,1,29947.02
1154,477,41,1,30450.87
1155,477,11,1,6189.77
1156,478,33,1,10984.48
1157,478,28,1,470.42
1158,478,44,1,7783.14
1159,479,18,1,29592.56
1160,479,22,1,18731.11
1161,479,32,1,5145.04
1162,479,43,1,24226.27
1163,480,34,1,7303.52
1164,480,27,1,34536.05
1165,480,9,1,33952.76
1166,481,19,1,20611.38
1167,481,1,1,29947.02
1168,481,10,1,8490.19
1169,481,13,1,15251.23
1170,482,3,1,15751.54
1171,482,40,1,17551.46
1172,483,39,1,33078.06
1173,484,11,1,6189.77
1174,484,30,1,16078.93
1175,484,27,1,34536.05
1176,485,16,1,1571.54
1177,486,22,1,18731.11
1178,486,41,1,30450.87
1179,486,3,1,15751.54
1180,487,33,1,10984.48
1181,487,35,1,33955.92
1182,487,14,1,21714.55
1183,488,40,1,17551.46
1184,488,29,1,22477.1
1185,488,35,1,33955.92
1186,488,4,1,12764.76
1187,489,47,1,34979.66
1188,489,28,1,470.42
1189,489,20,1,7441.9
1190,489,2,1,8878.17
1191,490,43,1,24226.27
1192,490,29,1,22477.1
1193,491,8,1,27139.29
1194,491,36,1,23638.97
1195,492,32,1,5145.04
1196,492,49,1,30515.02
1197,493,37,1,30424.4
1198,493,1,1,29947.02
1199,494,19,1,20611.38
1200,494,16,1,1571.54
1201,494,29,1,22477.1
1202,495,14,1,21714.55
1203,495,38,1,24333.81
1204,495,6,1,33938.58
1205,496,42,1,1353.46
1206,496,36,1,23638.97
1207,496,1,1,29947.02
1208,496,10,1,8490.19
1209,497,9,1,33952.76
1210,497,18,1,29592.56
1211,498,15,1,6095.52
1212,498,42,1,1353.46
1213,499,9,1,33952.76
1214,499,14,1,21714.55
1215,499,20,1,7441.9
1216,500,12,1,11993.35
1217,500,48,1,34207.92
1218,500,4,1,12764.76
1219,501,23,1,1664.26
1220,501,26,1,1741.62
1221,502,24,1,15990.76
1222,502,16,1,1571.54
1223,503,21,1,9659.58
1224,503,18,1,29592.56
1225,504,45,1,13966.49
1226,504,19,1,20611.38
1227,504,23,1,1664.26
1228,504,49,1,30515.02
1229,505,12,1,11993.35
1230,506,43,1,24226.27
1231,506,27,1,34536.05
1232,506,31,1,17262.47
1233,506,14,1,21714.55
1234,507,4,1,12764.76
1235,507,5,1,5973.44
1236,507,46,1,3997.88
1237,508,43,1,24226.27
1238,508,26,1,1741.62
1239,508,14,1,21714.55
1240,509,36,1,23638.97
1241,509,10,1,8490.19
1242,510,1,1,29947.02
1243,511,32,1,5145.04
1244,511,36,1,23638.97
1245,511,3,1,15751.54
1246,512,30,1,16078.93
1247,512,36,1,23638.97
1248,513,4,1,12764.76
1249,514,25,1,11269.93
1250,515,48,1,34207.92
1251,516,46,1,3997.88
1252,516,28,1,470.42
1253,516,22,1,18731.11
1254,516,4,1,12764.76
1255,517,27,1,34536.05
1256,517,17,1,23333.68
1257,517,34,1,7303.52
1258,517,29,1,22477.1
1259,518,34,1,7303.52
1260,519,26,1,1741.62
1261,520,17,1,23333.68
1262,520,40,1,17551.46
1263,521,34,1,7303.52
1264,521,28,1,470.42
1265,521,8,1,27139.29
1266,521,6,1,33938.58
1267,522,12,1,11993.35
1268,522,31,1,17262.47
1269,522,49,1,30515.02
1270,522,25,1,11269.93
1271,523,8,1,27139.29
1272,523,44,1,7783.14
1273,523,38,1,24333.81
1274,523,41,1,30450.87
1275,524,9,1,33952.76
1276,524,6,1,33938.58
1277,525,49,1,30515.02
1278,526,46,1,3997.88
1279,526,10,1,8490.19
1280,526,27,1,34536.05
1281,526,1,1,29947.02
1282,527,17,1,23333.68
1283,527,38,1,24333.81
1284,527,11,1,6189.77
1285,528,17,1,23333.68
1286,529,1,1,29947.02
1287,529,23,1,1664.26
1288,529,46,1,3997.88
1289,529,15,1,6095.52
1290,530,28,1,470.42
1291,530,31,1,17262.47
1292,530,45,1,13966.49
1293,530,7,1,23088.42
1294,531,12,1,11993.35
1295,531,38,1,24333.81
1296,531,11,1,6189.77
1297,531,28,1,470.42
1298,532,35,1,33955.92
1299,533,11,1,6189.77
1300,533,37,1,30424.4
1301,533,49,1,30515.02
1302,534,45,1,13966.49
1303,534,37,1,30424.4
1304,534,29,1,22477.1
1305,535,28,1,470.42
1306,535,26,1,1741.62
1307,536,50,1,19975.03
1308,536,40,1,17551.46
1309,536,36,1,23638.97
1310,536,14,1,21714.55
1311,537,8,1,27139.29
1312,537,45,1,13966.49
1313,537,4,1,12764.76
1314,538,47,1,34979.66
1315,538,49,1,30515.02
1316,538,48,1,34207.92
1317,538,11,1,6189.77
1318,539,39,1,33078.06
1319,540,46,1,3997.88
1320,541,31,1,17262.47
1321,541,24,1,15990.76
1322,542,8,1,27139.29
1323,542,44,1,7783.14
1324,542,42,1,1353.46
1325,542,7,1,23088.42
1326,543,26,1,1741.62
1327,543,37,1,30424.4
1328,544,25,1,11269.93
1329,544,4,1,12764.76
1330,544,7,1,23088.42
1331,545,30,1,16078.93
1332,546,9,1,33952.76
1333,546,6,1,33938.58
1334,546,17,1,23333.68
1335,547,39,1,33078.06
1336,547,31,1,17262.47
1337,547,10,1,8490.19
1338,547,40,1,17551.46
1339,548,28,1,470.42
1340,548,16,1,1571.54
1341,549,33,1,10984.48
1342,549,15,1,6095.52
1343,549,8,1,27139.29
1344,550,14,1,21714.55
1345,551,39,1,33078.06
1346,551,15,1,6095.52
1347,551,18,1,29592.56
1348,552,34,1,7303.52
1349,553,37,1,30424.4
1350,554,28,1,470.42
1351,555,44,1,7783.14
1352,555,11,1,6189.77
1353,555,39,1,33078.06
1354,555,23,1,1664.26
1355,556,21,1,9659.58
1356,557,24,1,15990.76
1357,557,38,1,24333.81
1358,557,35,1,33955.92
1359,558,7,1,23088.42
1360,559,45,1,13966.49
1361,559,18,1,29592.56
1362,560,41,1,30450.87
1363,561,31,1,17262.47
1364,561,41,1,30450.87
1365,561,1,1,29947.02
1366,562,14,1,21714.55
1367,562,18,1,29592.56
1368,562,19,1,20611.38
1369,562,48,1,34207.92
1370,563,35,1,33955.92
1371,563,21,1,9659.58
1372,564,23,1,1664.26
1373,564,34,1,7303.52
1374,564,25,1,11269.93
1375,564,49,1,30515.02
1376,565,48,1,34207.92
1377,565,46,1,3997.88
1378,565,16,1,1571.54
1379,565,15,1,6095.52
1380,566,42,1,1353.46
1381,566,16,1,1571.54
1382,566,19,1,20611.38
1383,567,3,1,15751.54
1384,567,41,1,30450.87
1385,567,44,1,7783.14
1386,567,43,1,24226.27
1387,568,34,1,7303.52
1388,569,19,1,20611.38
1389,569,7,1,23088.42
1390,569,2,1,8878.17
1391,570,23,1,1664.26
1392,571,46,1,3997.88
1393,571,44,1,7783.14
1394,571,5,1,5973.44
1395,572,31,1,17262.47
1396,572,13,1,15251.23
1397,573,5,1,5973.44
1398,574,4,1,12764.76
1399,575,20,1,7441.9
1400,575,8,1,27139.29
1401,575,36,1,23638.97
1402,576,7,1,23088.42
1403,576,45,1,13966.49
1404,576,48,1,34207.92
1405,576,25,1,11269.93
1406,577,33,1,10984.48
1407,577,9,1,33952.76
1408,577,10,1,8490.19
1409,577,44,1,7783.14
1410,578,29,1,22477.1
1411,578,26,1,1741.62
1412,578,45,1,13966.49
1413,579,33,1,10984.48
1414,579,49,1,30515.02
1415,579,34,1,7303.52
1416,580,22,1,18731.11
1417,580,15,1,6095.52
1418,580,18,1,29592.56
1419,581,18,1,29592.56
1420,581,27,1,34536.05
1421,581,2,1,8878.17
1422,582,43,1,24226.27
1423,582,32,1,5145.04
1424,582,7,1,23088.42
1425,582,22,1,18731.11
1426,583,46,1,3997.88
1427,583,21,1,9659.58
1428,583,37,1,30424.4
1429,584,37,1,30424.4
1430,584,3,1,15751.54
1431,584,32,1,5145.04
1432,585,15,1,6095.52
1433,585,23,1,1664.26
1434,586,28,1,470.42
1435,586,26,1,1741.62
1436,587,2,1,8878.17
1437,587,33,1,10984.48
1438,587,12,1,11993.35
1439,587,22,1,18731.11
1440,588,5,1,5973.44
1441,588,8,1,27139.29
1442,588,34,1,7303.52
1443,589,50,1,19975.03
1444,589,30,1,16078.93
1445,590,10,1,8490.19
1446,590,3,1,15751.54
1447,590,19,1,20611.38
1448,590,35,1,33955.92
1449,591,26,1,1741.62
1450,591,17,1,23333.68
1451,591,40,1,17551.46
1452,592,42,1,1353.46
1453,592,1,1,29947.02
1454,592,15,1,6095.52
1455,592,20,1,7441.9
1456,593,30,1,16078.93
1457,593,1,1,29947.02
1458,593,18,1,29592.56
1459,593,12,1,11993.35
1460,594,6,1,33938.58
1461,594,32,1,5145.04
1462,594,45,1,13966.49
1463,594,2,1,8878.17
1464,595,14,1,21714.55
1465,595,16,1,1571.54
1466,595,29,1,22477.1
1467,596,21,1,9659.58
1468,596,42,1,1353.46
1469,596,46,1,3997.88
1470,597,17,1,23333.68
1471,597,22,1,18731.11
1472,597,8,1,27139.29
1473,597,50,1,19975.03
1474,598,13,1,15251.23
1475,598,11,1,6189.77
1476,598,15,1,6095.52
1477,599,38,1,24333.81
1478,600,49,1,30515.02
1479,600,12,1,11993.35
1480,601,26,1,1741.62
1481,601,35,1,33955.92
1482,602,34,1,7303.52
1483,602,44,1,7783.14
1484,603,9,1,33952.76
1485,603,19,1,20611.38
1486,603,11,1,6189.77
1487,603,26,1,1741.62
1488,604,17,1,23333.68
1489,605,22,1,18731.11
1490,605,40,1,17551.46
1491,606,23,1,1664.26
1492,607,3,1,15751.54
1493,608,31,1,17262.47
1494,609,19,1,20611.38
1495,609,49,1,30515.02
1496,610,5,1,5973.44
1497,610,26,1,1741.62
1498,610,4,1,12764.76
1499,611,10,1,8490.19
1500,611,42,1,1353.46
1501,611,44,1,7783.14
1502,612,40,1,17551.46
1503,612,17,1,23333.68
1504,612,49,1,30515.02
1505,613,5,1,5973.44
1506,613,21,1,9659.58
1507,613,3,1,15751.54
1508,613,19,1,20611.38
1509,614,2,1,8878.17
1510,614,33,1,10984.48
1511,614,3,1,15751.54
1512,614,48,1,34207.92
1513,615,44,1,7783.14
1514,616,35,1,33955.92
1515,617,28,1,470.42
1516,617,3,1,15751.54
1517,617,23,1,1664.26
1518,618,47,1,34979.66
1519,619,12,1,11993.35
1520,620,36,1,23638.97
1521,621,7,1,23088.42
1522,621,19,1,20611.38
1523,621,43,1,24226.27
1524,621,33,1,10984.48
1525,622,4,1,12764.76
1526,622,30,1,16078.93
1527,622,47,1,34979.66
1528,623,12,1,11993.35
1529,624,11,1,6189.77
1530,625,5,1,5973.44
1531,626,48,1,34207.92
1532,627,17,1,23333.68
1533,628,5,1,5973.44
1534,628,27,1,34536.05
1535,628,38,1,24333.81
1536,628,30,1,16078.93
1537,629,37,1,30424.4
1538,629,40,1,17551.46
1539,629,4,1,12764.76
1540,629,49,1,30515.02
1541,630,8,1,27139.29
1542,631,13,1,15251.23
1543,631,21,1,9659.58
1544,632,41,1,30450.87
1545,632,36,1,23638.97
1546,632,9,1,33952.76
1547,633,12,1,11993.35
1548,633,14,1,21714.55
1549,633,45,1,13966.49
1550,633,4,1,12764.76
1551,634,30,1,16078.93
1552,634,22,1,18731.11
1553,635,16,1,1571.54
1554,635,23,1,1664.26
1555,635,18,1,29592.56
1556,636,2,1,8878.17
1557,636,17,1,23333.68
1558,637,30,1,16078.93
1559,637,7,1,23088.42
1560,638,33,1,10984.48
1561,638,42,1,1353.46
1562,638,7,1,23088.42
1563,638,35,1,33955.92
1564,639,22,1,18731.11
1565,639,27,1,34536.05
1566,639,43,1,24226.27
1567,639,36,1,23638.97
1568,640,44,1,7783.14
1569,640,47,1,34979.66
1570,640,49,1,30515.02
1571,640,1,1,29947.02
1572,641,43,1,24226.27
1573,641,1,1,29947.02
1574,642,22,1,18731.11
1575,643,36,1,23638.97
1576,643,10,1,8490.19
1577,644,37,1,30424.4
1578,644,24,1,15990.76
1579,644,41,1,30450.87
1580,644,5,1,5973.44
1581,645,5,1,5973.44
1582,645,6,1,33938.58
1583,645,3,1,15751.54
1584,646,11,1,6189.77
1585,646,44,1,7783.14
1586,646,49,1,30515.02
1587,646,41,1,30450.87
1588,647,19,1,20611.38
1589,647,35,1,33955.92
1590,647,11,1,6189.77
1591,648,18,1,29592.56
1592,648,22,1,18731.11
1593,648,33,1,10984.48
1594,649,39,1,33078.06
1595,649,28,1,470.42
1596,649,12,1,11993.35
1597,650,19,1,20611.38
1598,650,31,1,17262.47
1599,650,39,1,33078.06
1600,651,43,1,24226.27
1601,652,29,1,22477.1
1602,652,41,1,30450.87
1603,653,29,1,22477.1
1604,653,3,1,15751.54
1605,653,22,1,18731.11
1606,654,28,1,470.42
1607,654,25,1,11269.93
1608,655,38,1,24333.81
1609,655,27,1,34536.05
1610,655,41,1,30450.87
1611,656,16,1,1571.54
1612,656,44,1,7783.14
1613,657,21,1,9659.58
1614,658,21,1,9659.58
1615,658,26,1,1741.62
1616,659,23,1,1664.26
1617,659,32,1,5145.04
1618,659,22,1,18731.11
1619,660,7,1,23088.42
1620,660,5,1,5973.44
1621,660,40,1,17551.46
1622,661,19,1,20611.38
1623,661,1,1,29947.02
1624,661,48,1,34207.92
1625,662,3,1,15751.54
1626,662,6,1,33938.58
1627,663,13,1,15251.23
1628,663,8,1,27139.29
1629,664,2,1,8878.17
1630,664,13,1,15251.23
1631,664,43,1,24226.27
1632,664,32,1,5145.04
1633,665,2,1,8878.17
1634,665,1,1,29947.02
1635,665,23,1,1664.26
1636,665,39,1,33078.06
1637,666,48,1,34207.92
1638,667,19,1,20611.38
1639,667,45,1,13966.49
1640,667,35,1,33955.92
1641,668,50,1,19975.03
1642,668,49,1,30515.02
1643,669,26,1,1741.62
1644,670,5,1,5973.44
1645,670,6,1,33938.58
1646,670,34,1,7303.52
1647,670,39,1,33078.06
1648,671,13,1,15251.23
1649,672,9,1,33952.76
1650,672,6,1,33938.58
1651,672,48,1,34207.92
1652,673,18,1,29592.56
1653,673,20,1,7441.9
1654,674,29,1,22477.1
1655,674,26,1,1741.62
1656,674,5,1,5973.44
1657,675,16,1,1571.54
1658,675,32,1,5145.04
1659,676,12,1,11993.35
1660,676,22,1,18731.11
1661,677,49,1,30515.02
1662,678,3,1,15751.54
1663,678,32,1,5145.04
1664,679,15,1,6095.52
1665,679,16,1,1571.54
1666,679,1,1,29947.02
1667,679,40,1,17551.46
1668,680,9,1,33952.76
1669,680,32,1,5145.04
1670,681,32,1,5145.04
1671,681,44,1,7783.14
1672,682,37,1,30424.4
1673,682,43,1,24226.27
1674,682,25,1,11269.93
1675,682,35,1,33955.92
1676,683,19,1,20611.38
1677,684,26,1,1741.62
1678,684,39,1,33078.06
1679,684,41,1,30450.87
1680,685,17,1,23333.68
1681,685,29,1,22477.1
1682,685,18,1,29592.56
1683,685,30,1,16078.93
1684,686,39,1,33078.06
1685,687,19,1,20611.38
1686,688,42,1,1353.46
1687,688,29,1,22477.1
1688,688,28,1,470.42
1689,688,12,1,11993.35
1690,689,34,1,7303.52
1691,689,41,1,30450.87
1692,690,24,1,15990.76
1693,691,7,1,23088.42
1694,691,8,1,27139.29
1695,692,20,1,7441.9
1696,692,11,1,6189.77
