order_id,session_id,customer_id,total_amount,discount_amount,payment_method,status,created_at
1,sess_000003,398,34479.31,0.0,CREDIT_CARD,COMPLETED,2026-07-16 03:55:53
2,sess_000010,245,470.42,0.0,COD,COMPLETED,2026-07-17 09:31:12
3,sess_000012,289,57027.0,0.0,CREDIT_CARD,COMPLETED,2026-08-01 03:23:05
4,sess_000013,180,24226.27,0.0,NET_BANKING,COMPLETED,2026-07-30 02:46:18
5,sess_000019,414,48334.2,0.0,NET_BANKING,COMPLETED,2026-07-16 05:10:32
6,sess_000021,423,57687.89,0.0,NET_BANKING,COMPLETED,2026-07-31 07:12:54
7,sess_000022,402,50593.87,0.0,CREDIT_CARD,COMPLETED,2026-07-23 18:04:38
8,sess_000031,452,11269.93,0.0,CREDIT_CARD,COMPLETED,2026-07-26 20:04:28
9,sess_000032,246,19975.03,0.0,NET_BANKING,COMPLETED,2026-07-30 18:39:30
10,sess_000042,315,71501.83,0.0,CREDIT_CARD,COMPLETED,2026-07-10 09:53:58
11,sess_000043,153,470.42,0.0,NET_BANKING,COMPLETED,2026-07-21 07:57:59
12,sess_000044,422,7441.9,0.0,UPI,COMPLETED,2026-08-01 18:54:27
13,sess_000047,495,30515.02,0.0,UPI,COMPLETED,2026-07-29 22:01:39
14,sess_000049,283,38914.59,0.0,COD,COMPLETED,2026-07-12 00:18:59
15,sess_000052,117,44191.65,0.0,CREDIT_CARD,COMPLETED,2026-07-12 13:52:10
16,sess_000054,185,21135.8,0.0,UPI,COMPLETED,2026-07-24 07:30:10
17,sess_000055,301,69353.96,0.0,NET_BANKING,COMPLETED,2026-07-10 15:57:55
18,sess_000056,263,34943.9,0.0,UPI,COMPLETED,2026-08-02 04:14:53
19,sess_000059,349,53710.77,0.0,CREDIT_CARD,COMPLETED,2026-07-30 10:31:41
20,sess_000062,37,49203.99,0.0,NET_BANKING,COMPLETED,2026-07-17 11:48:07
21,sess_000064,220,53069.77,0.0,NET_BANKING,COMPLETED,2026-08-06 06:35:26
22,sess_000065,160,42206.32,0.0,NET_BANKING,COMPLETED,2026-08-05 23:14:01
23,sess_000067,193,34536.05,0.0,CREDIT_CARD,COMPLETED,2026-08-06 02:07:24
24,sess_000070,152,29947.02,0.0,CREDIT_CARD,COMPLETED,2026-08-01 01:18:42
25,sess_000072,448,25579.73,0.0,COD,COMPLETED,2026-07-15 20:45:50
26,sess_000077,259,29844.76,0.0,CREDIT_CARD,COMPLETED,2026-07-14 08:00:10
27,sess_000083,24,23638.97,0.0,UPI,COMPLETED,2026-07-17 04:44:34
28,sess_000084,248,112095.62,0.0,NET_BANKING,COMPLETED,2026-07-12 20:26:40
29,sess_000090,194,37899.19,0.0,COD,COMPLETED,2026-08-02 04:46:09
30,sess_000092,114,24226.27,0.0,COD,COMPLETED,2026-08-01 03:45:38
31,sess_000096,295,98825.37,0.0,COD,COMPLETED,2026-07-18 10:59:27
32,sess_000100,93,15251.23,0.0,COD,COMPLETED,2026-07-21 22:14:12
33,sess_000103,250,8878.17,0.0,COD,COMPLETED,2026-07-30 20:00:33
34,sess_000104,16,17732.38,0.0,COD,COMPLETED,2026-08-06 06:02:20
35,sess_000105,69,72833.79,0.0,UPI,COMPLETED,2026-08-07 02:07:53
36,sess_000109,416,49704.3,0.0,CREDIT_CARD,COMPLETED,2026-08-01 04:40:04
37,sess_000114,245,11269.93,0.0,COD,COMPLETED,2026-08-02 00:40:55
38,sess_000121,146,57513.88,0.0,NET_BANKING,COMPLETED,2026-07-19 18:10:57
39,sess_000122,485,57074.05,0.0,NET_BANKING,COMPLETED,2026-07-24 11:54:13
40,sess_000125,447,33938.58,0.0,COD,COMPLETED,2026-07-31 03:38:43
41,sess_000126,315,83085.41,0.0,UPI,COMPLETED,2026-07-19 14:06:52
42,sess_000127,245,61356.23,0.0,CREDIT_CARD,COMPLETED,2026-07-11 01:24:52
43,sess_000129,187,24109.39,0.0,UPI,COMPLETED,2026-08-03 05:04:46
44,sess_000130,243,66828.13,0.0,COD,COMPLETED,2026-07-10 03:19:22
45,sess_000131,417,45078.48,0.0,NET_BANKING,COMPLETED,2026-07-15 13:23:13
46,sess_000133,465,58442.89,0.0,CREDIT_CARD,COMPLETED,2026-07-28 13:58:37
47,sess_000135,281,1353.46,0.0,UPI,COMPLETED,2026-07-14 21:56:32
48,sess_000137,91,56415.68,0.0,CREDIT_CARD,COMPLETED,2026-07-18 02:58:59
49,sess_000142,191,33955.92,0.0,COD,COMPLETED,2026-07-14 19:47:36
50,sess_000143,99,15251.23,0.0,NET_BANKING,COMPLETED,2026-07-14 16:20:37
51,sess_000150,338,57531.23,0.0,CREDIT_CARD,COMPLETED,2026-07-21 19:32:34
52,sess_000153,21,48352.56,0.0,UPI,COMPLETED,2026-07-08 17:21:47
53,sess_000155,274,79288.84,0.0,NET_BANKING,COMPLETED,2026-07-28 06:02:24
54,sess_000157,12,41896.11,0.0,CREDIT_CARD,COMPLETED,2026-08-06 09:02:43
55,sess_000160,79,81625.45,0.0,COD,COMPLETED,2026-07-25 14:51:35
56,sess_000164,475,18731.11,0.0,CREDIT_CARD,COMPLETED,2026-07-13 21:02:44
57,sess_000166,357,52577.97,0.0,UPI,COMPLETED,2026-07-09 00:31:41
58,sess_000173,353,61489.28,0.0,UPI,COMPLETED,2026-07-18 12:03:40
59,sess_000175,481,23638.97,0.0,COD,COMPLETED,2026-07-24 23:24:55
60,sess_000179,447,90194.89,0.0,NET_BANKING,COMPLETED,2026-07-14 23:02:19
61,sess_000180,255,98535.2,0.0,UPI,COMPLETED,2026-08-01 04:44:48
62,sess_000181,76,23088.42,0.0,NET_BANKING,COMPLETED,2026-08-06 02:01:43
63,sess_000183,63,17262.47,0.0,NET_BANKING,COMPLETED,2026-08-01 00:58:03
64,sess_000186,378,36749.02,0.0,CREDIT_CARD,COMPLETED,2026-07-27 05:35:15
65,sess_000195,26,37075.94,0.0,UPI,COMPLETED,2026-07-26 22:59:20
66,sess_000197,291,26041.65,0.0,UPI,COMPLETED,2026-07-24 14:15:05
67,sess_000204,232,63934.53,0.0,UPI,COMPLETED,2026-08-01 01:32:10
68,sess_000205,462,55378.26,0.0,COD,COMPLETED,2026-07-11 15:09:04
69,sess_000207,250,57570.97,0.0,UPI,COMPLETED,2026-07-18 10:38:19
70,sess_000209,361,60365.1,0.0,NET_BANKING,COMPLETED,2026-07-16 22:08:03
71,sess_000213,190,41568.25,0.0,NET_BANKING,COMPLETED,2026-08-02 06:47:55
72,sess_000219,481,41105.78,0.0,NET_BANKING,COMPLETED,2026-07-08 20:39:17
73,sess_000222,330,23866.86,0.0,CREDIT_CARD,COMPLETED,2026-08-06 22:22:49
74,sess_000224,291,16078.93,0.0,COD,COMPLETED,2026-08-06 03:14:18
75,sess_000225,332,30450.87,0.0,NET_BANKING,COMPLETED,2026-07-26 02:14:10
76,sess_000226,250,48724.72,0.0,NET_BANKING,COMPLETED,2026-08-06 18:11:08
77,sess_000231,21,11993.35,0.0,COD,COMPLETED,2026-08-03 00:11:26
78,sess_000234,77,23804.1,0.0,NET_BANKING,COMPLETED,2026-07-17 23:20:16
79,sess_000236,304,24659.96,0.0,NET_BANKING,COMPLETED,2026-07-17 13:36:56
80,sess_000239,405,94989.66,0.0,CREDIT_CARD,COMPLETED,2026-07-25 06:57:45
81,sess_000240,485,64677.05,0.0,CREDIT_CARD,COMPLETED,2026-07-23 07:37:19
82,sess_000243,264,36985.78,0.0,UPI,COMPLETED,2026-07-26 12:14:45
83,sess_000245,460,66348.32,0.0,COD,COMPLETED,2026-07-27 13:03:21
84,sess_000248,432,69341.93,0.0,UPI,COMPLETED,2026-08-03 14:19:30
85,sess_000249,147,73032.34,0.0,UPI,COMPLETED,2026-07-31 20:48:28
86,sess_000250,277,64154.94,0.0,NET_BANKING,COMPLETED,2026-07-09 07:47:53
87,sess_000251,243,7441.9,0.0,CREDIT_CARD,COMPLETED,2026-07-16 20:52:45
88,sess_000252,317,58067.98,0.0,CREDIT_CARD,COMPLETED,2026-08-06 04:07:01
89,sess_000254,380,29156.45,0.0,CREDIT_CARD,COMPLETED,2026-07-15 10:16:26
90,sess_000259,25,24884.62,0.0,NET_BANKING,COMPLETED,2026-08-01 03:17:40
91,sess_000263,248,29166.88,0.0,COD,COMPLETED,2026-07-13 02:19:04
92,sess_000266,95,83392.82,0.0,CREDIT_CARD,COMPLETED,2026-07-26 10:22:50
93,sess_000272,393,30515.02,0.0,COD,COMPLETED,2026-07-23 08:07:19
94,sess_000275,457,2925.0,0.0,COD,COMPLETED,2026-07-27 12:37:03
95,sess_000276,445,69699.69,0.0,UPI,COMPLETED,2026-07-21 13:42:55
96,sess_000278,431,24333.81,0.0,UPI,COMPLETED,2026-07-29 05:11:55
97,sess_000280,264,58434.19,0.0,UPI,COMPLETED,2026-07-16 07:14:54
98,sess_000281,415,41991.06,0.0,UPI,COMPLETED,2026-08-01 12:18:35
99,sess_000282,164,52452.25,0.0,CREDIT_CARD,COMPLETED,2026-07-12 14:59:26
100,sess_000287,280,43309.69,0.0,NET_BANKING,COMPLETED,2026-07-30 19:54:10
101,sess_000291,103,108756.83,0.0,CREDIT_CARD,COMPLETED,2026-08-02 16:18:04
102,sess_000293,291,44843.79,0.0,NET_BANKING,COMPLETED,2026-07-09 09:15:05
103,sess_000294,221,29489.55,0.0,NET_BANKING,COMPLETED,2026-07-17 18:18:08
104,sess_000304,199,63305.45,0.0,COD,COMPLETED,2026-07-29 08:02:21
105,sess_000307,470,19975.03,0.0,NET_BANKING,COMPLETED,2026-08-04 08:57:07
106,sess_000309,109,1741.62,0.0,NET_BANKING,COMPLETED,2026-07-17 21:14:11
107,sess_000317,342,46925.06,0.0,COD,COMPLETED,2026-07-19 08:02:09
108,sess_000319,133,22477.1,0.0,UPI,COMPLETED,2026-07-10 05:44:38
109,sess_000323,216,22477.1,0.0,UPI,COMPLETED,2026-07-09 10:52:52
110,sess_000324,368,24226.27,0.0,COD,COMPLETED,2026-07-26 19:07:06
111,sess_000326,359,41380.48,0.0,COD,COMPLETED,2026-07-21 03:29:57
112,sess_000327,372,42834.09,0.0,UPI,COMPLETED,2026-08-05 07:23:57
113,sess_000328,372,22477.1,0.0,CREDIT_CARD,COMPLETED,2026-07-27 15:53:10
114,sess_000332,263,33078.06,0.0,UPI,COMPLETED,2026-07-23 23:45:36
115,sess_000333,62,76238.22,0.0,NET_BANKING,COMPLETED,2026-07-27 14:23:14
116,sess_000336,293,47777.49,0.0,CREDIT_CARD,COMPLETED,2026-07-21 21:57:18
117,sess_000337,93,54108.56,0.0,COD,COMPLETED,2026-07-12 04:57:30
118,sess_000338,132,48508.96,0.0,NET_BANKING,COMPLETED,2026-08-03 18:29:35
119,sess_000341,346,49946.68,0.0,CREDIT_CARD,COMPLETED,2026-07-20 10:50:29
120,sess_000342,493,17262.47,0.0,COD,COMPLETED,2026-07-24 03:33:55
121,sess_000343,129,7441.9,0.0,COD,COMPLETED,2026-07-12 07:17:50
122,sess_000345,175,29947.02,0.0,CREDIT_CARD,COMPLETED,2026-07-09 01:06:06
123,sess_000349,143,33952.76,0.0,CREDIT_CARD,COMPLETED,2026-07-15 05:25:10
124,sess_000350,439,470.42,0.0,COD,COMPLETED,2026-07-16 01:43:37
125,sess_000355,456,23088.42,0.0,NET_BANKING,COMPLETED,2026-07-09 09:42:12
126,sess_000358,366,63269.19,0.0,UPI,COMPLETED,2026-07-22 16:05:15
127,sess_000365,426,46406.8,0.0,CREDIT_CARD,COMPLETED,2026-07-09 17:39:51
128,sess_000366,452,54567.3,0.0,CREDIT_CARD,COMPLETED,2026-07-27 13:55:14
129,sess_000368,34,55997.95,0.0,UPI,COMPLETED,2026-07-22 08:57:33
130,sess_000374,157,63636.38,0.0,CREDIT_CARD,COMPLETED,2026-07-31 10:30:57
131,sess_000375,323,18731.11,0.0,CREDIT_CARD,COMPLETED,2026-07-26 22:35:16
132,sess_000376,328,21224.67,0.0,CREDIT_CARD,COMPLETED,2026-07-21 18:47:24
133,sess_000379,169,31286.43,0.0,CREDIT_CARD,COMPLETED,2026-08-06 21:43:51
134,sess_000384,274,37705.78,0.0,NET_BANKING,COMPLETED,2026-07-15 00:22:41
135,sess_000391,267,24226.27,0.0,NET_BANKING,COMPLETED,2026-07-11 13:28:12
136,sess_000395,11,34790.76,0.0,UPI,COMPLETED,2026-07-09 14:37:30
137,sess_000396,37,86476.35,0.0,COD,COMPLETED,2026-08-03 18:14:17
138,sess_000397,198,53512.35,0.0,UPI,COMPLETED,2026-07-30 12:55:21
139,sess_000400,338,63800.48,0.0,NET_BANKING,COMPLETED,2026-07-10 21:49:50
140,sess_000407,497,78543.65,0.0,COD,COMPLETED,2026-07-19 08:11:27
141,sess_000413,5,53689.44,0.0,CREDIT_CARD,COMPLETED,2026-07-08 14:43:35
142,sess_000415,373,39894.34,0.0,UPI,COMPLETED,2026-08-07 06:05:49
143,sess_000416,68,64412.66,0.0,NET_BANKING,COMPLETED,2026-07-18 19:14:36
144,sess_000419,141,24333.81,0.0,CREDIT_CARD,COMPLETED,2026-08-04 22:01:24
145,sess_000422,495,52138.95,0.0,COD,COMPLETED,2026-07-21 09:29:09
146,sess_000426,196,30450.87,0.0,COD,COMPLETED,2026-07-08 16:04:30
147,sess_000430,93,106989.64,0.0,NET_BANKING,COMPLETED,2026-08-07 01:18:13
148,sess_000432,433,49185.06,0.0,COD,COMPLETED,2026-08-05 19:05:30
149,sess_000434,346,60589.75,0.0,COD,COMPLETED,2026-07-12 20:09:56
150,sess_000437,250,98630.25,0.0,COD,COMPLETED,2026-07-23 11:18:10
151,sess_000438,453,6189.77,0.0,NET_BANKING,COMPLETED,2026-08-06 20:16:15
152,sess_000439,486,93058.64,0.0,UPI,COMPLETED,2026-07-21 07:53:36
153,sess_000450,254,41940.37,0.0,COD,COMPLETED,2026-07-22 11:42:54
154,sess_000454,113,28572.62,0.0,UPI,COMPLETED,2026-08-07 06:28:35
155,sess_000458,481,47777.49,0.0,CREDIT_CARD,COMPLETED,2026-07-13 21:06:31
156,sess_000465,253,60539.74,0.0,COD,COMPLETED,2026-07-16 10:20:33
157,sess_000468,392,37797.05,0.0,COD,COMPLETED,2026-07-22 01:00:05
158,sess_000469,310,10563.82,0.0,COD,COMPLETED,2026-07-25 01:39:31
159,sess_000470,381,14365.01,0.0,NET_BANKING,COMPLETED,2026-07-26 18:34:03
160,sess_000476,322,42434.17,0.0,COD,COMPLETED,2026-07-14 14:17:35
161,sess_000477,133,15990.76,0.0,UPI,COMPLETED,2026-07-09 20:04:47
162,sess_000479,149,51388.31,0.0,UPI,COMPLETED,2026-08-05 17:13:58
163,sess_000480,470,88562.32,0.0,COD,COMPLETED,2026-08-05 14:01:22
164,sess_000489,212,43890.73,0.0,COD,COMPLETED,2026-07-31 07:27:39
165,sess_000495,325,67891.99,0.0,CREDIT_CARD,COMPLETED,2026-07-10 18:39:05
166,sess_000497,113,50807.86,0.0,CREDIT_CARD,COMPLETED,2026-08-01 21:43:29
167,sess_000498,299,50299.46,0.0,CREDIT_CARD,COMPLETED,2026-07-15 08:10:41
168,sess_000499,192,41735.04,0.0,UPI,COMPLETED,2026-08-06 07:25:05
169,sess_000501,291,23638.97,0.0,CREDIT_CARD,COMPLETED,2026-07-29 04:19:04
170,sess_000503,216,40656.03,0.0,CREDIT_CARD,COMPLETED,2026-07-28 04:36:07
171,sess_000505,253,6095.52,0.0,UPI,COMPLETED,2026-07-24 07:58:27
172,sess_000509,39,18731.11,0.0,CREDIT_CARD,COMPLETED,2026-08-01 08:47:17
173,sess_000513,190,81967.49,0.0,COD,COMPLETED,2026-07-09 10:22:06
174,sess_000514,491,29592.56,0.0,CREDIT_CARD,COMPLETED,2026-08-06 05:08:09
175,sess_000520,338,15251.23,0.0,COD,COMPLETED,2026-07-20 01:03:13
176,sess_000522,222,65416.7,0.0,NET_BANKING,COMPLETED,2026-08-07 07:49:02
177,sess_000526,103,64815.12,0.0,COD,COMPLETED,2026-07-09 03:25:23
178,sess_000527,216,35318.29,0.0,CREDIT_CARD,COMPLETED,2026-07-14 10:22:28
179,sess_000528,461,33938.58,0.0,COD,COMPLETED,2026-07-26 01:57:58
180,sess_000529,425,34207.92,0.0,NET_BANKING,COMPLETED,2026-07-29 05:29:44
181,sess_000530,379,37892.77,0.0,CREDIT_CARD,COMPLETED,2026-08-03 05:33:24
182,sess_000532,201,59812.58,0.0,CREDIT_CARD,COMPLETED,2026-08-02 16:48:34
183,sess_000533,246,87669.89,0.0,CREDIT_CARD,COMPLETED,2026-07-20 07:57:46
184,sess_000537,396,77098.75,0.0,UPI,COMPLETED,2026-07-10 11:37:10
185,sess_000539,417,45937.78,0.0,NET_BANKING,COMPLETED,2026-07-08 01:56:33
186,sess_000540,443,75143.19,0.0,NET_BANKING,COMPLETED,2026-07-12 17:46:37
187,sess_000542,496,24333.81,0.0,COD,COMPLETED,2026-07-22 03:57:53
188,sess_000545,180,23638.97,0.0,CREDIT_CARD,COMPLETED,2026-07-09 22:52:25
189,sess_000547,6,33952.76,0.0,UPI,COMPLETED,2026-07-14 00:13:03
190,sess_000552,424,32984.48,0.0,COD,COMPLETED,2026-08-07 11:46:39
191,sess_000554,274,29592.56,0.0,COD,COMPLETED,2026-07-08 11:46:08
192,sess_000557,460,36546.39,0.0,COD,COMPLETED,2026-08-02 15:58:30
193,sess_000559,9,10984.48,0.0,UPI,COMPLETED,2026-07-31 12:47:24
194,sess_000564,162,15990.76,0.0,NET_BANKING,COMPLETED,2026-07-15 10:44:26
195,sess_000565,310,49002.07,0.0,NET_BANKING,COMPLETED,2026-07-20 20:33:02
196,sess_000566,295,58151.87,0.0,CREDIT_CARD,COMPLETED,2026-07-25 00:13:08
197,sess_000567,354,70204.21,0.0,UPI,COMPLETED,2026-07-25 12:43:56
198,sess_000568,487,54954.69,0.0,CREDIT_CARD,COMPLETED,2026-07-12 09:58:13
199,sess_000572,73,15990.76,0.0,CREDIT_CARD,COMPLETED,2026-07-19 23:21:11
200,sess_000575,172,63116.47,0.0,NET_BANKING,COMPLETED,2026-07-16 14:05:28
201,sess_000578,450,56323.23,0.0,NET_BANKING,COMPLETED,2026-07-23 08:05:10
202,sess_000581,86,11269.93,0.0,CREDIT_CARD,COMPLETED,2026-07-08 03:48:17
203,sess_000589,443,76185.87,0.0,NET_BANKING,COMPLETED,2026-07-19 08:34:05
204,sess_000593,268,103140.34,0.0,NET_BANKING,COMPLETED,2026-07-19 16:15:58
205,sess_000595,32,50203.94,0.0,UPI,COMPLETED,2026-07-27 03:04:58
206,sess_000596,189,34979.66,0.0,UPI,COMPLETED,2026-07-21 02:50:24
207,sess_000597,92,36042.54,0.0,NET_BANKING,COMPLETED,2026-07-20 04:38:09
208,sess_000598,74,58590.22,0.0,COD,COMPLETED,2026-08-05 23:04:48
209,sess_000601,110,54280.83,0.0,NET_BANKING,COMPLETED,2026-07-10 00:28:37
210,sess_000605,460,15251.23,0.0,UPI,COMPLETED,2026-08-07 02:09:11
211,sess_000609,92,59777.27,0.0,CREDIT_CARD,COMPLETED,2026-07-31 18:20:29
212,sess_000610,179,31412.24,0.0,NET_BANKING,COMPLETED,2026-07-08 04:46:44
213,sess_000615,492,24226.27,0.0,CREDIT_CARD,COMPLETED,2026-07-27 09:05:54
214,sess_000621,197,58012.02,0.0,UPI,COMPLETED,2026-07-08 01:57:17
215,sess_000623,486,77912.51,0.0,UPI,COMPLETED,2026-08-06 08:51:45
216,sess_000631,232,83643.54,0.0,COD,COMPLETED,2026-07-20 19:10:43
217,sess_000634,81,75474.55,0.0,CREDIT_CARD,COMPLETED,2026-07-12 13:21:01
218,sess_000637,228,29947.02,0.0,COD,COMPLETED,2026-07-19 13:28:15
219,sess_000639,225,82051.58,0.0,UPI,COMPLETED,2026-07-12 23:27:54
220,sess_000640,337,16078.93,0.0,COD,COMPLETED,2026-07-23 17:33:44
221,sess_000641,386,30515.02,0.0,UPI,COMPLETED,2026-07-24 13:29:29
222,sess_000644,7,17768.43,0.0,NET_BANKING,COMPLETED,2026-07-19 18:56:44
223,sess_000647,127,48829.6,0.0,CREDIT_CARD,COMPLETED,2026-07-09 02:33:58
224,sess_000656,202,28127.28,0.0,COD,COMPLETED,2026-07-08 10:47:28
225,sess_000659,225,31775.71,0.0,NET_BANKING,COMPLETED,2026-07-15 22:18:08
226,sess_000660,225,58442.89,0.0,UPI,COMPLETED,2026-07-22 14:48:28
227,sess_000665,10,50399.43,0.0,UPI,COMPLETED,2026-07-30 17:15:10
228,sess_000667,337,49616.39,0.0,COD,COMPLETED,2026-07-30 16:51:08
229,sess_000672,66,60022.69,0.0,NET_BANKING,COMPLETED,2026-08-06 22:42:05
230,sess_000679,232,54058.14,0.0,NET_BANKING,COMPLETED,2026-07-24 20:49:51
231,sess_000680,391,75387.52,0.0,NET_BANKING,COMPLETED,2026-07-18 23:51:41
232,sess_000683,440,76374.32,0.0,NET_BANKING,COMPLETED,2026-07-26 07:02:12
233,sess_000684,107,35889.51,0.0,NET_BANKING,COMPLETED,2026-08-03 08:22:13
234,sess_000685,428,30967.29,0.0,CREDIT_CARD,COMPLETED,2026-07-10 11:10:04
235,sess_000686,6,95303.13,0.0,UPI,COMPLETED,2026-08-04 03:19:02
236,sess_000696,126,61505.22,0.0,CREDIT_CARD,COMPLETED,2026-07-23 17:07:16
237,sess_000698,183,62262.0,0.0,COD,COMPLETED,2026-07-21 04:58:43
238,sess_000700,333,3997.88,0.0,CREDIT_CARD,COMPLETED,2026-07-17 12:41:47
239,sess_000701,221,70204.28,0.0,UPI,COMPLETED,2026-07-24 14:13:43
240,sess_000703,170,87765.64,0.0,CREDIT_CARD,COMPLETED,2026-07-16 01:26:02
241,sess_000705,1,48002.33,0.0,COD,COMPLETED,2026-07-29 23:47:16
242,sess_000709,31,66089.44,0.0,CREDIT_CARD,COMPLETED,2026-07-18 13:55:24
243,sess_000710,223,62336.04,0.0,COD,COMPLETED,2026-08-04 13:50:43
244,sess_000711,278,54503.82,0.0,NET_BANKING,COMPLETED,2026-08-07 23:12:39
245,sess_000712,349,26859.59,0.0,COD,COMPLETED,2026-07-24 18:27:32
246,sess_000719,8,51355.98,0.0,CREDIT_CARD,COMPLETED,2026-08-02 12:48:30
247,sess_000723,331,75787.51,0.0,COD,COMPLETED,2026-07-09 16:40:21
248,sess_000730,299,113182.72,0.0,COD,COMPLETED,2026-07-29 21:17:40
249,sess_000732,344,18014.95,0.0,COD,COMPLETED,2026-08-05 12:08:06
250,sess_000735,17,13966.49,0.0,COD,COMPLETED,2026-07-26 18:00:34
251,sess_000737,413,21964.2,0.0,COD,COMPLETED,2026-07-13 20:23:13
252,sess_000741,241,64380.32,0.0,COD,COMPLETED,2026-08-07 22:03:27
253,sess_000744,318,30424.4,0.0,COD,COMPLETED,2026-07-15 01:46:31
254,sess_000746,210,87026.56,0.0,NET_BANKING,COMPLETED,2026-07-11 08:53:41
255,sess_000748,98,5973.44,0.0,CREDIT_CARD,COMPLETED,2026-07-11 19:16:06
256,sess_000751,484,63170.48,0.0,NET_BANKING,COMPLETED,2026-07-09 08:36:33
257,sess_000752,313,46387.14,0.0,COD,COMPLETED,2026-08-07 14:07:38
258,sess_000753,200,9659.58,0.0,UPI,COMPLETED,2026-07-11 22:46:17
259,sess_000755,145,1353.46,0.0,CREDIT_CARD,COMPLETED,2026-07-30 17:49:08
260,sess_000757,66,69888.56,0.0,NET_BANKING,COMPLETED,2026-07-28 05:57:22
261,sess_000758,168,11118.48,0.0,UPI,COMPLETED,2026-07-20 05:26:48
262,sess_000760,356,1353.46,0.0,COD,COMPLETED,2026-08-02 20:49:57
263,sess_000766,7,22407.51,0.0,NET_BANKING,COMPLETED,2026-07-23 11:34:53
264,sess_000767,40,7441.9,0.0,UPI,COMPLETED,2026-08-07 03:34:16
265,sess_000768,374,29592.56,0.0,NET_BANKING,COMPLETED,2026-08-01 02:47:18
266,sess_000770,58,7715.06,0.0,CREDIT_CARD,COMPLETED,2026-08-07 00:44:09
267,sess_000775,442,35681.04,0.0,UPI,COMPLETED,2026-07-22 03:27:54
268,sess_000778,410,64406.79,0.0,NET_BANKING,COMPLETED,2026-07-08 14:22:00
269,sess_000779,16,53500.24,0.0,CREDIT_CARD,COMPLETED,2026-07-14 01:30:13
270,sess_000787,260,64235.12,0.0,COD,COMPLETED,2026-08-05 05:17:26
271,sess_000797,61,20575.63,0.0,COD,COMPLETED,2026-07-19 03:08:12
272,sess_000799,233,48539.22,0.0,CREDIT_CARD,COMPLETED,2026-07-30 23:06:26
273,sess_000808,390,51578.67,0.0,CREDIT_CARD,COMPLETED,2026-07-19 01:02:21
274,sess_000809,160,31890.71,0.0,CREDIT_CARD,COMPLETED,2026-08-06 05:15:00
275,sess_000812,236,95688.27,0.0,UPI,COMPLETED,2026-07-21 11:03:57
276,sess_000813,189,76358.97,0.0,COD,COMPLETED,2026-07-26 14:29:29
277,sess_000814,203,87737.0,0.0,COD,COMPLETED,2026-07-24 16:11:53
278,sess_000816,100,37754.39,0.0,UPI,COMPLETED,2026-07-15 05:33:06
279,sess_000818,226,59235.98,0.0,NET_BANKING,COMPLETED,2026-07-09 18:06:38
280,sess_000820,373,54624.63,0.0,UPI,COMPLETED,2026-07-21 06:05:39
281,sess_000821,482,29734.49,0.0,UPI,COMPLETED,2026-07-08 04:35:28
282,sess_000823,475,7441.9,0.0,UPI,COMPLETED,2026-07-25 08:38:46
283,sess_000824,451,48927.41,0.0,UPI,COMPLETED,2026-07-25 16:45:14
284,sess_000825,408,82309.03,0.0,UPI,COMPLETED,2026-07-10 21:33:57
285,sess_000826,170,82159.83,0.0,CREDIT_CARD,COMPLETED,2026-08-06 03:47:21
286,sess_000827,237,44382.53,0.0,UPI,COMPLETED,2026-07-19 17:04:37
287,sess_000828,335,62178.19,0.0,NET_BANKING,COMPLETED,2026-07-11 14:12:40
288,sess_000832,48,50287.59,0.0,NET_BANKING,COMPLETED,2026-08-03 16:35:49
289,sess_000835,322,47880.58,0.0,UPI,COMPLETED,2026-07-24 04:01:27
290,sess_000837,110,7783.14,0.0,NET_BANKING,COMPLETED,2026-07-31 11:29:06
291,sess_000838,169,41196.24,0.0,NET_BANKING,COMPLETED,2026-08-04 20:19:58
292,sess_000844,333,24333.81,0.0,CREDIT_CARD,COMPLETED,2026-07-28 08:55:22
293,sess_000845,254,72216.1,0.0,CREDIT_CARD,COMPLETED,2026-07-12 03:00:16
294,sess_000852,314,46262.29,0.0,COD,COMPLETED,2026-08-03 11:03:57
295,sess_000856,194,25797.81,0.0,NET_BANKING,COMPLETED,2026-07-18 19:50:43
296,sess_000858,394,43559.05,0.0,COD,COMPLETED,2026-07-24 12:53:54
297,sess_000859,246,56731.85,0.0,CREDIT_CARD,COMPLETED,2026-07-14 16:48:38
298,sess_000860,354,43945.06,0.0,UPI,COMPLETED,2026-07-27 00:10:45
299,sess_000863,440,23088.42,0.0,NET_BANKING,COMPLETED,2026-07-28 08:00:26
300,sess_000867,143,24226.27,0.0,UPI,COMPLETED,2026-07-27 09:16:32
301,sess_000870,273,470.42,0.0,UPI,COMPLETED,2026-08-02 17:31:42
302,sess_000871,137,40028.56,0.0,UPI,COMPLETED,2026-07-12 04:32:44
303,sess_000878,386,8490.19,0.0,COD,COMPLETED,2026-07-12 19:44:59
304,sess_000884,493,1741.62,0.0,UPI,COMPLETED,2026-07-10 16:19:32
305,sess_000886,221,32179.28,0.0,COD,COMPLETED,2026-07-24 23:24:03
306,sess_000888,375,44146.06,0.0,NET_BANKING,COMPLETED,2026-07-30 13:31:01
307,sess_000889,107,33938.58,0.0,COD,COMPLETED,2026-07-28 20:35:52
308,sess_000891,259,11993.35,0.0,UPI,COMPLETED,2026-07-08 07:46:30
309,sess_000894,414,65051.07,0.0,NET_BANKING,COMPLETED,2026-07-31 11:14:56
310,sess_000895,483,23333.68,0.0,UPI,COMPLETED,2026-07-30 13:23:13
311,sess_000897,266,27260.69,0.0,NET_BANKING,COMPLETED,2026-07-15 00:09:22
312,sess_000904,292,20445.45,0.0,COD,COMPLETED,2026-08-01 21:04:53
313,sess_000905,209,1353.46,0.0,CREDIT_CARD,COMPLETED,2026-07-26 02:58:53
314,sess_000913,201,66455.72,0.0,UPI,COMPLETED,2026-08-03 10:59:18
315,sess_000920,477,35527.46,0.0,COD,COMPLETED,2026-07-12 08:00:04
316,sess_000922,406,32115.13,0.0,COD,COMPLETED,2026-07-21 19:51:00
317,sess_000924,497,49704.3,0.0,COD,COMPLETED,2026-07-25 03:35:24
318,sess_000925,340,1353.46,0.0,COD,COMPLETED,2026-07-29 02:40:10
319,sess_000926,178,35697.54,0.0,CREDIT_CARD,COMPLETED,2026-07-18 09:45:10
320,sess_000929,350,54286.47,0.0,COD,COMPLETED,2026-07-30 23:47:44
321,sess_000930,461,75279.42,0.0,COD,COMPLETED,2026-07-27 15:36:11
322,sess_000932,92,40168.42,0.0,CREDIT_CARD,COMPLETED,2026-07-08 04:39:52
323,sess_000936,374,51840.75,0.0,UPI,COMPLETED,2026-07-25 08:32:08
324,sess_000940,278,78629.33,0.0,COD,COMPLETED,2026-07-27 13:56:07
325,sess_000942,175,45466.36,0.0,UPI,COMPLETED,2026-07-18 10:12:47
326,sess_000946,393,83191.94,0.0,UPI,COMPLETED,2026-07-24 18:46:03
327,sess_000947,483,1741.62,0.0,CREDIT_CARD,COMPLETED,2026-07-12 01:57:36
328,sess_000949,466,33700.7,0.0,CREDIT_CARD,COMPLETED,2026-08-02 21:21:39
329,sess_000950,405,7931.39,0.0,COD,COMPLETED,2026-07-25 20:39:59
330,sess_000953,372,43464.18,0.0,CREDIT_CARD,COMPLETED,2026-08-06 15:47:01
331,sess_000955,236,54954.69,0.0,COD,COMPLETED,2026-08-01 05:14:28
332,sess_000957,352,33329.06,0.0,NET_BANKING,COMPLETED,2026-07-26 23:05:40
333,sess_000962,359,33941.52,0.0,CREDIT_CARD,COMPLETED,2026-07-13 22:30:44
334,sess_000966,31,25463.78,0.0,CREDIT_CARD,COMPLETED,2026-07-10 11:01:42
335,sess_000968,285,22477.1,0.0,UPI,COMPLETED,2026-08-01 23:57:32
336,sess_000974,342,3997.88,0.0,NET_BANKING,COMPLETED,2026-08-07 02:31:04
337,sess_000975,357,61614.0,0.0,COD,COMPLETED,2026-07-16 22:31:01
338,sess_000976,402,102194.88,0.0,COD,COMPLETED,2026-08-05 18:03:34
339,sess_000977,147,48174.41,0.0,CREDIT_CARD,COMPLETED,2026-07-31 18:53:32
340,sess_000978,299,30592.72,0.0,NET_BANKING,COMPLETED,2026-08-07 22:27:54
341,sess_000979,420,1571.54,0.0,NET_BANKING,COMPLETED,2026-08-06 19:22:30
342,sess_000982,215,68758.26,0.0,COD,COMPLETED,2026-07-12 18:40:34
343,sess_000984,182,5145.04,0.0,UPI,COMPLETED,2026-07-20 10:21:08
344,sess_000994,95,60120.71,0.0,NET_BANKING,COMPLETED,2026-07-25 03:50:00
345,sess_000996,217,10984.48,0.0,NET_BANKING,COMPLETED,2026-07-25 14:06:05
346,sess_000999,457,74848.74,0.0,COD,COMPLETED,2026-07-28 17:18:43
347,sess_001005,271,61943.87,0.0,CREDIT_CARD,COMPLETED,2026-07-31 10:08:40
348,sess_001007,484,73946.22,0.0,CREDIT_CARD,COMPLETED,2026-07-14 06:23:31
349,sess_001009,411,44639.24,0.0,COD,COMPLETED,2026-07-28 03:01:38
350,sess_001012,420,1353.46,0.0,COD,COMPLETED,2026-07-19 03:41:46
351,sess_001019,51,77272.84,0.0,UPI,COMPLETED,2026-07-12 10:55:08
352,sess_001020,224,3997.88,0.0,UPI,COMPLETED,2026-08-06 00:22:24
353,sess_001033,191,99888.8,0.0,UPI,COMPLETED,2026-07-13 21:04:27
354,sess_001034,237,37296.43,0.0,NET_BANKING,COMPLETED,2026-08-08 00:37:27
355,sess_001039,25,71885.41,0.0,NET_BANKING,COMPLETED,2026-07-24 15:22:47
356,sess_001045,363,67660.53,0.0,UPI,COMPLETED,2026-07-31 01:58:54
357,sess_001050,158,28390.69,0.0,COD,COMPLETED,2026-08-07 11:25:54
358,sess_001051,425,43699.8,0.0,COD,COMPLETED,2026-07-26 14:03:18
359,sess_001054,407,76356.33,0.0,CREDIT_CARD,COMPLETED,2026-07-09 09:17:41
360,sess_001055,160,32069.69,0.0,CREDIT_CARD,COMPLETED,2026-07-12 16:33:08
361,sess_001057,116,64867.21,0.0,COD,COMPLETED,2026-07-16 19:01:00
362,sess_001061,84,36098.44,0.0,UPI,COMPLETED,2026-07-29 06:26:59
363,sess_001062,143,67500.34,0.0,COD,COMPLETED,2026-07-15 06:49:12
364,sess_001066,50,17262.47,0.0,NET_BANKING,COMPLETED,2026-08-07 02:29:36
365,sess_001073,465,44063.04,0.0,COD,COMPLETED,2026-07-31 17:55:10
366,sess_001075,170,16461.18,0.0,COD,COMPLETED,2026-07-14 03:04:29
367,sess_001078,302,40725.82,0.0,UPI,COMPLETED,2026-07-09 15:01:36
368,sess_001079,454,7783.14,0.0,UPI,COMPLETED,2026-07-20 10:44:53
369,sess_001080,274,96829.69,0.0,NET_BANKING,COMPLETED,2026-08-02 19:53:26
370,sess_001083,474,32883.25,0.0,COD,COMPLETED,2026-07-24 06:23:31
371,sess_001086,91,50970.42,0.0,CREDIT_CARD,COMPLETED,2026-07-15 03:14:18
372,sess_001087,466,20611.38,0.0,NET_BANKING,COMPLETED,2026-07-16 09:39:20
373,sess_001091,274,22456.68,0.0,COD,COMPLETED,2026-07-24 15:47:34
374,sess_001092,9,25776.31,0.0,COD,COMPLETED,2026-08-03 12:57:14
375,sess_001094,487,25967.89,0.0,NET_BANKING,COMPLETED,2026-08-07 02:14:51
376,sess_001095,340,64735.56,0.0,CREDIT_CARD,COMPLETED,2026-07-27 11:37:27
377,sess_001096,220,63528.84,0.0,CREDIT_CARD,COMPLETED,2026-07-14 01:49:43
378,sess_001101,309,8490.19,0.0,COD,COMPLETED,2026-08-07 07:16:12
379,sess_001103,159,28655.84,0.0,NET_BANKING,COMPLETED,2026-07-20 09:30:22
380,sess_001109,304,53035.44,0.0,NET_BANKING,COMPLETED,2026-07-09 17:16:48
381,sess_001115,100,46703.37,0.0,COD,COMPLETED,2026-07-25 17:37:25
382,sess_001117,225,40051.44,0.0,UPI,COMPLETED,2026-08-06 14:29:32
383,sess_001123,491,95305.58,0.0,CREDIT_CARD,COMPLETED,2026-07-27 22:50:09
384,sess_001125,21,6716.58,0.0,COD,COMPLETED,2026-07-21 15:13:45
385,sess_001127,457,24752.68,0.0,CREDIT_CARD,COMPLETED,2026-07-12 08:10:42
386,sess_001128,356,13635.23,0.0,CREDIT_CARD,COMPLETED,2026-07-10 20:59:50
387,sess_001130,348,28053.28,0.0,COD,COMPLETED,2026-07-08 18:09:07
388,sess_001132,393,2212.04,0.0,COD,COMPLETED,2026-07-13 01:34:34
389,sess_001133,380,32088.66,0.0,COD,COMPLETED,2026-07-24 07:48:32
390,sess_001135,474,40305.2,0.0,COD,COMPLETED,2026-07-28 14:00:04
391,sess_001136,89,1353.46,0.0,NET_BANKING,COMPLETED,2026-07-25 11:55:49
392,sess_001138,437,65803.78,0.0,COD,COMPLETED,2026-07-11 19:35:03
393,sess_001140,272,58547.27,0.0,NET_BANKING,COMPLETED,2026-07-29 14:17:06
394,sess_001141,327,63358.91,0.0,NET_BANKING,COMPLETED,2026-07-29 20:41:18
395,sess_001143,47,24950.97,0.0,COD,COMPLETED,2026-07-19 04:35:55
396,sess_001144,11,1664.26,0.0,COD,COMPLETED,2026-07-26 00:00:08
397,sess_001146,284,22477.1,0.0,COD,COMPLETED,2026-07-13 03:50:44
398,sess_001148,110,17820.55,0.0,NET_BANKING,COMPLETED,2026-07-28 03:11:21
399,sess_001155,454,30515.02,0.0,NET_BANKING,COMPLETED,2026-07-23 19:57:19
400,sess_001161,469,31946.18,0.0,COD,COMPLETED,2026-07-17 13:02:58
401,sess_001162,393,10984.48,0.0,UPI,COMPLETED,2026-07-21 02:08:28
402,sess_001169,374,104110.96,0.0,NET_BANKING,COMPLETED,2026-07-12 04:22:09
403,sess_001170,218,36327.16,0.0,NET_BANKING,COMPLETED,2026-07-28 01:49:33
404,sess_001173,153,43945.06,0.0,CREDIT_CARD,COMPLETED,2026-07-27 05:02:50
405,sess_001179,117,33955.92,0.0,NET_BANKING,COMPLETED,2026-07-09 01:24:53
406,sess_001182,312,29592.56,0.0,COD,COMPLETED,2026-07-28 04:57:34
407,sess_001187,124,44965.8,0.0,NET_BANKING,COMPLETED,2026-07-11 06:41:53
408,sess_001191,52,42095.49,0.0,NET_BANKING,COMPLETED,2026-07-17 03:48:23
409,sess_001194,215,33993.39,0.0,UPI,COMPLETED,2026-07-18 15:59:50
410,sess_001195,211,44940.4,0.0,CREDIT_CARD,COMPLETED,2026-07-30 01:08:49
411,sess_001198,281,70254.59,0.0,NET_BANKING,COMPLETED,2026-07-22 17:10:45
412,sess_001202,366,45477.85,0.0,UPI,COMPLETED,2026-07-14 15:15:34
413,sess_001204,89,13966.49,0.0,NET_BANKING,COMPLETED,2026-08-01 14:26:04
414,sess_001206,458,68878.28,0.0,CREDIT_CARD,COMPLETED,2026-07-25 06:09:16
415,sess_001207,14,23088.42,0.0,COD,COMPLETED,2026-08-01 23:35:01
416,sess_001209,381,66883.17,0.0,COD,COMPLETED,2026-08-02 06:10:11
417,sess_001211,409,6095.52,0.0,CREDIT_CARD,COMPLETED,2026-07-17 18:34:07
418,sess_001213,342,41371.86,0.0,UPI,COMPLETED,2026-07-13 10:06:58
419,sess_001214,238,10984.48,0.0,NET_BANKING,COMPLETED,2026-07-22 15:38:53
420,sess_001215,225,470.42,0.0,COD,COMPLETED,2026-08-06 08:07:46
421,sess_001221,128,9659.58,0.0,NET_BANKING,COMPLETED,2026-07-12 16:23:30
422,sess_001226,82,73866.68,0.0,CREDIT_CARD,COMPLETED,2026-07-29 21:45:42
423,sess_001231,458,18731.11,0.0,NET_BANKING,COMPLETED,2026-07-18 14:28:31
424,sess_001232,188,107575.59,0.0,NET_BANKING,COMPLETED,2026-07-11 19:42:06
425,sess_001235,31,44014.49,0.0,UPI,COMPLETED,2026-07-25 21:08:38
426,sess_001236,372,97801.0,0.0,CREDIT_CARD,COMPLETED,2026-08-04 19:39:50
427,sess_001237,9,57594.89,0.0,COD,COMPLETED,2026-07-12 21:43:49
428,sess_001238,128,7303.52,0.0,NET_BANKING,COMPLETED,2026-07-28 01:44:38
429,sess_001241,160,18954.53,0.0,NET_BANKING,COMPLETED,2026-08-03 21:18:00
430,sess_001243,51,34979.66,0.0,UPI,COMPLETED,2026-07-14 21:10:45
431,sess_001244,51,21714.55,0.0,COD,COMPLETED,2026-07-22 13:29:15
432,sess_001248,21,28727.67,0.0,UPI,COMPLETED,2026-07-11 00:32:59
433,sess_001254,366,87524.57,0.0,NET_BANKING,COMPLETED,2026-07-16 16:26:43
434,sess_001255,133,74382.52,0.0,CREDIT_CARD,COMPLETED,2026-07-08 20:40:09
435,sess_001256,169,50210.99,0.0,CREDIT_CARD,COMPLETED,2026-07-20 07:48:55
436,sess_001257,10,31879.43,0.0,CREDIT_CARD,COMPLETED,2026-07-14 12:12:18
437,sess_001261,229,99717.77,0.0,NET_BANKING,COMPLETED,2026-07-23 22:29:52
438,sess_001268,439,9524.76,0.0,COD,COMPLETED,2026-07-25 05:19:43
439,sess_001270,235,24519.06,0.0,CREDIT_CARD,COMPLETED,2026-07-20 17:11:37
440,sess_001271,380,50031.69,0.0,CREDIT_CARD,COMPLETED,2026-07-10 12:47:57
441,sess_001272,93,51185.82,0.0,UPI,COMPLETED,2026-07-26 17:07:54
442,sess_001276,468,6189.77,0.0,CREDIT_CARD,COMPLETED,2026-07-08 18:11:37
443,sess_001281,496,29947.02,0.0,COD,COMPLETED,2026-07-24 14:14:50
444,sess_001282,305,24218.72,0.0,COD,COMPLETED,2026-07-24 13:12:06
445,sess_001284,53,73204.9,0.0,NET_BANKING,COMPLETED,2026-07-24 16:54:10
446,sess_001288,286,42827.74,0.0,UPI,COMPLETED,2026-07-19 22:50:54
447,sess_001289,377,66063.92,0.0,NET_BANKING,COMPLETED,2026-07-14 13:54:15
448,sess_001290,186,13657.61,0.0,UPI,COMPLETED,2026-07-27 22:00:58
449,sess_001293,426,8878.17,0.0,COD,COMPLETED,2026-08-01 18:31:14
450,sess_001296,500,34167.8,0.0,CREDIT_CARD,COMPLETED,2026-07-16 06:46:16
451,sess_001299,268,45296.35,0.0,COD,COMPLETED,2026-07-09 23:41:39
452,sess_001300,52,21941.31,0.0,CREDIT_CARD,COMPLETED,2026-07-11 07:53:02
453,sess_001305,43,61991.13,0.0,UPI,COMPLETED,2026-07-25 16:05:04
454,sess_001306,419,19975.03,0.0,NET_BANKING,COMPLETED,2026-07-24 08:38:56
455,sess_001308,14,46201.27,0.0,UPI,COMPLETED,2026-08-02 00:05:08
456,sess_001309,467,63214.05,0.0,NET_BANKING,COMPLETED,2026-08-07 07:22:46
457,sess_001314,368,20611.38,0.0,UPI,COMPLETED,2026-07-14 16:41:15
458,sess_001316,338,69463.9,0.0,COD,COMPLETED,2026-07-11 01:10:03
459,sess_001322,326,33817.77,0.0,CREDIT_CARD,COMPLETED,2026-07-30 17:21:36
460,sess_001325,125,13966.49,0.0,CREDIT_CARD,COMPLETED,2026-07-27 12:43:21
461,sess_001328,191,52374.93,0.0,NET_BANKING,COMPLETED,2026-07-09 01:59:24
462,sess_001336,206,82479.45,0.0,UPI,COMPLETED,2026-07-23 02:17:17
463,sess_001339,306,42421.56,0.0,NET_BANKING,COMPLETED,2026-07-23 18:13:56
464,sess_001342,493,33078.06,0.0,UPI,COMPLETED,2026-07-30 12:45:23
465,sess_001346,394,74134.75,0.0,UPI,COMPLETED,2026-07-12 06:12:51
466,sess_001347,364,15251.23,0.0,CREDIT_CARD,COMPLETED,2026-07-31 13:03:21
467,sess_001350,284,60224.99,0.0,COD,COMPLETED,2026-07-26 16:31:08
468,sess_001352,471,60016.96,0.0,NET_BANKING,COMPLETED,2026-08-05 14:51:21
469,sess_001353,68,63899.78,0.0,CREDIT_CARD,COMPLETED,2026-07-14 05:02:08
470,sess_001356,85,29217.72,0.0,COD,COMPLETED,2026-07-27 20:09:34
471,sess_001358,418,90924.95,0.0,COD,COMPLETED,2026-07-13 15:23:50
472,sess_001361,388,5973.44,0.0,CREDIT_CARD,COMPLETED,2026-07-27 22:42:42
473,sess_001362,349,9659.58,0.0,CREDIT_CARD,COMPLETED,2026-07-15 03:09:19
474,sess_001366,254,120136.63,0.0,NET_BANKING,COMPLETED,2026-07-17 08:46:16
475,sess_001376,260,15751.54,0.0,COD,COMPLETED,2026-07-27 05:24:26
476,sess_001380,52,29947.02,0.0,COD,COMPLETED,2026-07-19 14:55:59
477,sess_001381,94,36640.64,0.0,NET_BANKING,COMPLETED,2026-07-09 18:15:35
478,sess_001383,375,19238.04,0.0,COD,COMPLETED,2026-07-29 08:51:46
479,sess_001385,43,77694.98,0.0,NET_BANKING,COMPLETED,2026-07-25 13:47:32
480,sess_001386,52,75792.33,0.0,COD,COMPLETED,2026-08-08 00:34:41
481,sess_001387,181,74299.82,0.0,COD,COMPLETED,2026-07-10 16:01:32
482,sess_001388,429,33303.0,0.0,UPI,COMPLETED,2026-08-05 09:20:17
483,sess_001390,115,33078.06,0.0,CREDIT_CARD,COMPLETED,2026-07-30 02:04:03
484,sess_001397,82,56804.75,0.0,CREDIT_CARD,COMPLETED,2026-07-15 02:55:27
485,sess_001406,74,1571.54,0.0,CREDIT_CARD,COMPLETED,2026-07-16 07:20:17
486,sess_001408,227,64933.52,0.0,COD,COMPLETED,2026-07-13 02:16:48
487,sess_001409,330,66654.95,0.0,CREDIT_CARD,COMPLETED,2026-07-30 15:09:51
488,sess_001411,228,86749.24,0.0,COD,COMPLETED,2026-07-09 06:29:44
489,sess_001412,219,51770.15,0.0,NET_BANKING,COMPLETED,2026-07-23 05:06:31
490,sess_001413,389,46703.37,0.0,UPI,COMPLETED,2026-07-20 07:49:49
491,sess_001419,341,50778.26,0.0,NET_BANKING,COMPLETED,2026-08-03 10:13:36
492,sess_001423,156,35660.06,0.0,CREDIT_CARD,COMPLETED,2026-07-11 11:52:58
493,sess_001426,426,60371.42,0.0,UPI,COMPLETED,2026-07-21 11:07:30
494,sess_001428,265,44660.02,0.0,NET_BANKING,COMPLETED,2026-07-11 01:18:02
495,sess_001429,27,79986.94,0.0,UPI,COMPLETED,2026-08-04 01:00:15
496,sess_001431,24,63429.64,0.0,UPI,COMPLETED,2026-07-29 20:26:51
497,sess_001434,164,63545.32,0.0,UPI,COMPLETED,2026-07-11 11:04:21
498,sess_001436,388,7448.98,0.0,UPI,COMPLETED,2026-07-21 14:17:54
499,sess_001437,194,63109.21,0.0,CREDIT_CARD,COMPLETED,2026-07-19 16:09:07
500,sess_001438,313,58966.03,0.0,COD,COMPLETED,2026-07-30 04:54:25
501,sess_001439,326,3405.88,0.0,COD,COMPLETED,2026-07-17 05:12:07
502,sess_001440,197,17562.3,0.0,UPI,COMPLETED,2026-07-11 22:35:25
503,sess_001443,78,39252.14,0.0,COD,COMPLETED,2026-08-02 02:57:14
504,sess_001448,394,66757.15,0.0,UPI,COMPLETED,2026-07-18 15:22:58
505,sess_001449,441,11993.35,0.0,NET_BANKING,COMPLETED,2026-07-12 05:18:43
506,sess_001452,140,97739.34,0.0,UPI,COMPLETED,2026-07-31 16:52:44
507,sess_001461,497,22736.08,0.0,COD,COMPLETED,2026-07-31 02:51:07
508,sess_001464,145,47682.44,0.0,NET_BANKING,COMPLETED,2026-08-04 04:39:29
509,sess_001468,87,32129.16,0.0,NET_BANKING,COMPLETED,2026-07-13 02:14:29
510,sess_001469,146,29947.02,0.0,COD,COMPLETED,2026-08-03 06:51:12
511,sess_001471,496,44535.55,0.0,COD,COMPLETED,2026-07-13 00:32:02
512,sess_001474,346,39717.9,0.0,COD,COMPLETED,2026-07-14 13:06:38
513,sess_001487,296,12764.76,0.0,CREDIT_CARD,COMPLETED,2026-07-31 08:01:32
514,sess_001489,373,11269.93,0.0,CREDIT_CARD,COMPLETED,2026-07-13 13:00:25
515,sess_001490,240,34207.92,0.0,CREDIT_CARD,COMPLETED,2026-07-29 09:43:16
516,sess_001491,152,35964.17,0.0,UPI,COMPLETED,2026-08-05 01:58:36
517,sess_001500,483,87650.35,0.0,COD,COMPLETED,2026-07-08 12:19:27
518,sess_001504,253,7303.52,0.0,UPI,COMPLETED,2026-07-23 05:23:26
519,sess_001506,356,1741.62,0.0,NET_BANKING,COMPLETED,2026-07-09 11:20:55
520,sess_001510,457,40885.14,0.0,NET_BANKING,COMPLETED,2026-07-25 15:11:02
521,sess_001515,270,68851.81,0.0,CREDIT_CARD,COMPLETED,2026-08-05 21:12:54
522,sess_001519,281,71040.77,0.0,NET_BANKING,COMPLETED,2026-08-03 07:10:35
523,sess_001523,348,89707.11,0.0,COD,COMPLETED,2026-07-12 01:14:06
524,sess_001525,480,67891.34,0.0,NET_BANKING,COMPLETED,2026-07-16 12:23:55
525,sess_001526,125,30515.02,0.0,NET_BANKING,COMPLETED,2026-07-16 15:04:15
526,sess_001527,253,76971.14,0.0,COD,COMPLETED,2026-07-15 00:45:50
527,sess_001531,419,53857.26,0.0,CREDIT_CARD,COMPLETED,2026-07-14 07:06:23
528,sess_001536,172,23333.68,0.0,NET_BANKING,COMPLETED,2026-07-10 04:13:57
529,sess_001538,72,41704.68,0.0,UPI,COMPLETED,2026-07-11 05:18:55
530,sess_001540,72,54787.8,0.0,NET_BANKING,COMPLETED,2026-07-25 12:34:52
531,sess_001541,210,42987.35,0.0,CREDIT_CARD,COMPLETED,2026-08-05 02:24:51
532,sess_001544,56,33955.92,0.0,COD,COMPLETED,2026-08-05 20:04:51
533,sess_001547,375,67129.19,0.0,UPI,COMPLETED,2026-07-18 07:24:42
534,sess_001549,7,66867.99,0.0,CREDIT_CARD,COMPLETED,2026-07-30 18:56:19
535,sess_001552,288,2212.04,0.0,COD,COMPLETED,2026-07-21 10:11:12
536,sess_001553,79,82880.01,0.0,UPI,COMPLETED,2026-07-24 00:37:15
537,sess_001559,206,53870.54,0.0,COD,COMPLETED,2026-07-30 19:43:35
538,sess_001562,127,105892.37,0.0,COD,COMPLETED,2026-08-03 21:53:13
539,sess_001563,132,33078.06,0.0,NET_BANKING,COMPLETED,2026-08-03 00:21:20
540,sess_001564,11,3997.88,0.0,COD,COMPLETED,2026-07-15 07:56:24
541,sess_001567,24,33253.23,0.0,COD,COMPLETED,2026-07-15 16:40:18
542,sess_001569,453,59364.31,0.0,UPI,COMPLETED,2026-08-06 01:28:05
543,sess_001571,43,32166.02,0.0,COD,COMPLETED,2026-07-12 03:38:46
544,sess_001576,125,47123.11,0.0,UPI,COMPLETED,2026-08-06 14:04:15
545,sess_001578,213,16078.93,0.0,UPI,COMPLETED,2026-07-08 00:50:17
546,sess_001579,304,91225.02,0.0,CREDIT_CARD,COMPLETED,2026-07-23 18:25:49
547,sess_001581,42,76382.18,0.0,CREDIT_CARD,COMPLETED,2026-07-18 14:24:31
548,sess_001582,220,2041.96,0.0,CREDIT_CARD,COMPLETED,2026-07-15 01:29:39
549,sess_001586,37,44219.29,0.0,COD,COMPLETED,2026-07-29 18:52:29
550,sess_001587,135,21714.55,0.0,UPI,COMPLETED,2026-07-28 11:58:48
551,sess_001589,296,68766.14,0.0,CREDIT_CARD,COMPLETED,2026-07-18 19:00:05
552,sess_001590,297,7303.52,0.0,UPI,COMPLETED,2026-08-03 07:15:53
553,sess_001594,382,30424.4,0.0,CREDIT_CARD,COMPLETED,2026-07-25 17:25:40
554,sess_001595,437,470.42,0.0,CREDIT_CARD,COMPLETED,2026-08-06 20:49:19
555,sess_001597,315,48715.23,0.0,COD,COMPLETED,2026-07-11 23:11:03
556,sess_001601,293,9659.58,0.0,COD,COMPLETED,2026-07-12 17:42:31
557,sess_001602,398,74280.49,0.0,NET_BANKING,COMPLETED,2026-07-26 06:55:53
558,sess_001606,416,23088.42,0.0,NET_BANKING,COMPLETED,2026-07-15 16:47:26
559,sess_001607,333,43559.05,0.0,NET_BANKING,COMPLETED,2026-07-14 05:52:45
560,sess_001611,441,30450.87,0.0,UPI,COMPLETED,2026-07-26 13:51:11
561,sess_001616,231,77660.36,0.0,CREDIT_CARD,COMPLETED,2026-07-11 13:00:38
562,sess_001618,411,106126.41,0.0,CREDIT_CARD,COMPLETED,2026-07-20 04:41:46
563,sess_001623,301,43615.5,0.0,COD,COMPLETED,2026-07-29 23:39:44
564,sess_001626,44,50752.73,0.0,COD,COMPLETED,2026-07-09 07:33:36
565,sess_001627,485,45872.86,0.0,COD,COMPLETED,2026-07-17 15:10:30
566,sess_001629,161,23536.38,0.0,UPI,COMPLETED,2026-07-23 15:46:29
567,sess_001633,171,78211.82,0.0,NET_BANKING,COMPLETED,2026-07-08 18:35:19
568,sess_001636,281,7303.52,0.0,UPI,COMPLETED,2026-08-03 12:12:57
569,sess_001640,174,52577.97,0.0,COD,COMPLETED,2026-07-29 20:23:18
570,sess_001642,346,1664.26,0.0,UPI,COMPLETED,2026-07-27 18:09:14
571,sess_001643,480,17754.46,0.0,UPI,COMPLETED,2026-08-04 08:06:57
572,sess_001646,238,32513.7,0.0,COD,COMPLETED,2026-07-20 21:15:10
573,sess_001647,371,5973.44,0.0,NET_BANKING,COMPLETED,2026-07-28 02:55:17
574,sess_001648,20,12764.76,0.0,UPI,COMPLETED,2026-08-07 09:30:11
575,sess_001649,185,58220.16,0.0,UPI,COMPLETED,2026-07-24 10:53:09
576,sess_001650,209,82532.76,0.0,COD,COMPLETED,2026-07-25 14:15:51
577,sess_001651,326,61210.57,0.0,NET_BANKING,COMPLETED,2026-07-13 20:39:14
578,sess_001656,283,38185.21,0.0,UPI,COMPLETED,2026-08-07 10:30:13
579,sess_001663,243,48803.02,0.0,COD,COMPLETED,2026-07-31 20:32:31
580,sess_001668,351,54419.19,0.0,UPI,COMPLETED,2026-08-04 02:35:30
581,sess_001673,225,73006.78,0.0,COD,COMPLETED,2026-07-15 08:13:00
582,sess_001680,186,71190.84,0.0,CREDIT_CARD,COMPLETED,2026-07-13 17:35:53
583,sess_001686,500,44081.86,0.0,NET_BANKING,COMPLETED,2026-07-20 08:06:03
584,sess_001688,179,51320.98,0.0,COD,COMPLETED,2026-08-04 09:51:38
585,sess_001690,209,7759.78,0.0,NET_BANKING,COMPLETED,2026-08-03 06:33:42
586,sess_001691,39,2212.04,0.0,CREDIT_CARD,COMPLETED,2026-07-11 14:16:30
587,sess_001693,469,50587.11,0.0,UPI,COMPLETED,2026-07-18 09:57:40
588,sess_001696,232,40416.25,0.0,CREDIT_CARD,COMPLETED,2026-08-01 18:37:30
589,sess_001700,465,36053.96,0.0,NET_BANKING,COMPLETED,2026-07-25 02:15:31
590,sess_001701,192,78809.03,0.0,NET_BANKING,COMPLETED,2026-07-12 22:31:15
591,sess_001702,200,42626.76,0.0,COD,COMPLETED,2026-07-12 01:54:42
592,sess_001703,43,44837.9,0.0,CREDIT_CARD,COMPLETED,2026-07-18 00:05:22
593,sess_001704,64,87611.86,0.0,COD,COMPLETED,2026-07-20 21:24:52
594,sess_001709,362,61928.28,0.0,NET_BANKING,COMPLETED,2026-07-13 04:09:48
595,sess_001710,156,45763.19,0.0,NET_BANKING,COMPLETED,2026-07-28 21:36:25
596,sess_001711,233,15010.92,0.0,UPI,COMPLETED,2026-08-07 00:27:52
597,sess_001712,390,89179.11,0.0,NET_BANKING,COMPLETED,2026-07-30 05:01:48
598,sess_001719,184,27536.52,0.0,NET_BANKING,COMPLETED,2026-08-02 02:16:02
599,sess_001722,17,24333.81,0.0,CREDIT_CARD,COMPLETED,2026-07-21 08:26:17
600,sess_001727,419,42508.37,0.0,COD,COMPLETED,2026-07-29 20:47:14
601,sess_001731,150,35697.54,0.0,CREDIT_CARD,COMPLETED,2026-07-08 12:02:31
602,sess_001739,460,15086.66,0.0,UPI,COMPLETED,2026-07-23 21:04:01
603,sess_001741,291,62495.53,0.0,UPI,COMPLETED,2026-07-16 12:40:59
604,sess_001743,239,23333.68,0.0,CREDIT_CARD,COMPLETED,2026-07-24 18:31:51
605,sess_001744,216,36282.57,0.0,UPI,COMPLETED,2026-08-05 06:56:14
606,sess_001745,84,1664.26,0.0,COD,COMPLETED,2026-07-25 01:29:18
607,sess_001746,11,15751.54,0.0,CREDIT_CARD,COMPLETED,2026-07-29 08:56:58
608,sess_001750,241,17262.47,0.0,COD,COMPLETED,2026-07-31 07:19:52
609,sess_001751,175,51126.4,0.0,NET_BANKING,COMPLETED,2026-07-31 10:17:49
610,sess_001752,276,20479.82,0.0,CREDIT_CARD,COMPLETED,2026-08-06 16:33:01
611,sess_001753,250,17626.79,0.0,UPI,COMPLETED,2026-07-21 07:45:39
612,sess_001755,39,71400.16,0.0,COD,COMPLETED,2026-07-15 13:01:03
613,sess_001757,343,51995.94,0.0,COD,COMPLETED,2026-07-28 20:13:06
614,sess_001758,342,69822.11,0.0,NET_BANKING,COMPLETED,2026-07-10 22:07:20
615,sess_001761,195,7783.14,0.0,NET_BANKING,COMPLETED,2026-07-23 19:25:46
616,sess_001762,230,33955.92,0.0,NET_BANKING,COMPLETED,2026-07-25 15:11:03
617,sess_001764,231,17886.22,0.0,NET_BANKING,COMPLETED,2026-07-23 21:23:21
618,sess_001765,156,34979.66,0.0,UPI,COMPLETED,2026-07-18 02:22:40
619,sess_001774,436,11993.35,0.0,NET_BANKING,COMPLETED,2026-08-05 10:44:27
620,sess_001780,497,23638.97,0.0,CREDIT_CARD,COMPLETED,2026-08-05 18:05:54
621,sess_001782,159,78910.55,0.0,UPI,COMPLETED,2026-08-07 05:10:54
622,sess_001783,415,63823.35,0.0,CREDIT_CARD,COMPLETED,2026-08-03 19:35:41
623,sess_001784,133,11993.35,0.0,CREDIT_CARD,COMPLETED,2026-07-19 21:10:48
624,sess_001786,124,6189.77,0.0,UPI,COMPLETED,2026-07-19 10:56:08
625,sess_001789,249,5973.44,0.0,COD,COMPLETED,2026-08-01 17:56:40
626,sess_001792,125,34207.92,0.0,NET_BANKING,COMPLETED,2026-07-18 10:58:45
627,sess_001794,497,23333.68,0.0,COD,COMPLETED,2026-07-23 02:22:32
628,sess_001799,28,80922.23,0.0,UPI,COMPLETED,2026-07-08 20:56:32
629,sess_001800,42,91255.64,0.0,NET_BANKING,COMPLETED,2026-08-06 01:48:24
630,sess_001807,133,27139.29,0.0,CREDIT_CARD,COMPLETED,2026-07-09 03:22:22
631,sess_001810,489,24910.81,0.0,COD,COMPLETED,2026-08-02 11:10:30
632,sess_001814,22,88042.6,0.0,UPI,COMPLETED,2026-07-15 07:31:58
633,sess_001818,10,60439.15,0.0,UPI,COMPLETED,2026-07-29 01:14:18
634,sess_001819,165,34810.04,0.0,NET_BANKING,COMPLETED,2026-07-16 18:15:32
635,sess_001824,357,32828.36,0.0,CREDIT_CARD,COMPLETED,2026-07-22 06:07:53
636,sess_001826,229,32211.85,0.0,CREDIT_CARD,COMPLETED,2026-08-05 09:40:11
637,sess_001832,317,39167.35,0.0,UPI,COMPLETED,2026-07-26 21:10:19
638,sess_001833,479,69382.28,0.0,CREDIT_CARD,COMPLETED,2026-07-21 07:01:36
639,sess_001836,265,101132.4,0.0,COD,COMPLETED,2026-07-22 14:07:46
640,sess_001842,410,103224.84,0.0,COD,COMPLETED,2026-07-21 05:29:42
641,sess_001843,87,54173.29,0.0,CREDIT_CARD,COMPLETED,2026-07-26 14:43:16
642,sess_001846,347,18731.11,0.0,CREDIT_CARD,COMPLETED,2026-07-19 23:34:00
643,sess_001850,94,32129.16,0.0,UPI,COMPLETED,2026-07-21 13:48:21
644,sess_001857,374,82839.47,0.0,CREDIT_CARD,COMPLETED,2026-08-01 22:16:34
645,sess_001861,306,55663.56,0.0,CREDIT_CARD,COMPLETED,2026-07-09 14:42:32
646,sess_001862,255,74938.8,0.0,NET_BANKING,COMPLETED,2026-07-27 23:10:03
647,sess_001872,76,60757.07,0.0,COD,COMPLETED,2026-07-19 07:48:15
648,sess_001875,217,59308.15,0.0,NET_BANKING,COMPLETED,2026-07-21 06:56:08
649,sess_001876,143,45541.83,0.0,NET_BANKING,COMPLETED,2026-07-09 04:59:12
650,sess_001877,107,70951.91,0.0,UPI,COMPLETED,2026-07-19 23:49:43
651,sess_001878,472,24226.27,0.0,CREDIT_CARD,COMPLETED,2026-07-16 20:13:10
652,sess_001879,315,52927.97,0.0,UPI,COMPLETED,2026-07-31 21:13:42
653,sess_001883,300,56959.75,0.0,COD,COMPLETED,2026-07-20 04:05:06
654,sess_001884,430,11740.35,0.0,UPI,COMPLETED,2026-07-13 19:01:50
655,sess_001890,297,89320.73,0.0,NET_BANKING,COMPLETED,2026-08-04 21:18:15
656,sess_001892,309,9354.68,0.0,NET_BANKING,COMPLETED,2026-07-16 09:46:17
657,sess_001895,370,9659.58,0.0,UPI,COMPLETED,2026-07-21 17:10:11
658,sess_001896,20,11401.2,0.0,CREDIT_CARD,COMPLETED,2026-07-12 17:22:55
659,sess_001897,252,25540.41,0.0,COD,COMPLETED,2026-07-26 12:19:23
660,sess_001899,68,46613.32,0.0,CREDIT_CARD,COMPLETED,2026-07-24 01:54:23
661,sess_001901,487,84766.32,0.0,CREDIT_CARD,COMPLETED,2026-07-11 16:28:40
662,sess_001906,149,49690.12,0.0,UPI,COMPLETED,2026-08-07 19:07:35
663,sess_001907,18,42390.52,0.0,UPI,COMPLETED,2026-07-26 01:40:16
664,sess_001911,385,53500.71,0.0,CREDIT_CARD,COMPLETED,2026-07-31 22:11:40
665,sess_001912,500,73567.51,0.0,NET_BANKING,COMPLETED,2026-07-14 17:48:21
666,sess_001913,126,34207.92,0.0,CREDIT_CARD,COMPLETED,2026-07-16 08:58:36
667,sess_001915,128,68533.79,0.0,UPI,COMPLETED,2026-08-07 11:00:14
668,sess_001917,183,50490.05,0.0,NET_BANKING,COMPLETED,2026-07-20 10:24:46
669,sess_001919,211,1741.62,0.0,UPI,COMPLETED,2026-07-25 15:30:18
670,sess_001922,457,80293.6,0.0,UPI,COMPLETED,2026-08-04 14:14:38
671,sess_001927,100,15251.23,0.0,NET_BANKING,COMPLETED,2026-07-17 12:33:23
672,sess_001929,157,102099.26,0.0,CREDIT_CARD,COMPLETED,2026-07-15 11:39:56
673,sess_001930,244,37034.46,0.0,CREDIT_CARD,COMPLETED,2026-08-07 20:54:15
674,sess_001932,368,30192.16,0.0,UPI,COMPLETED,2026-08-07 08:52:15
675,sess_001937,31,6716.58,0.0,CREDIT_CARD,COMPLETED,2026-07-15 14:27:44
676,sess_001938,346,30724.46,0.0,UPI,COMPLETED,2026-07-23 05:37:37
677,sess_001940,33,30515.02,0.0,COD,COMPLETED,2026-08-05 00:43:20
678,sess_001941,432,20896.58,0.0,CREDIT_CARD,COMPLETED,2026-07-22 22:45:32
679,sess_001945,116,55165.54,0.0,UPI,COMPLETED,2026-07-08 16:02:02
680,sess_001947,304,39097.8,0.0,NET_BANKING,COMPLETED,2026-07-12 17:40:04
681,sess_001948,67,12928.18,0.0,UPI,COMPLETED,2026-07-14 07:06:03
682,sess_001952,138,99876.52,0.0,UPI,COMPLETED,2026-07-22 02:50:03
683,sess_001965,344,20611.38,0.0,CREDIT_CARD,COMPLETED,2026-07-25 14:52:39
684,sess_001969,21,65270.55,0.0,UPI,COMPLETED,2026-08-03 16:40:50
685,sess_001971,215,91482.27,0.0,NET_BANKING,COMPLETED,2026-07-10 14:32:44
686,sess_001978,313,33078.06,0.0,NET_BANKING,COMPLETED,2026-07-12 05:39:24
687,sess_001984,308,20611.38,0.0,NET_BANKING,COMPLETED,2026-07-20 11:39:51
688,sess_001989,312,36294.33,0.0,COD,COMPLETED,2026-07-19 02:20:04
689,sess_001990,386,37754.39,0.0,CREDIT_CARD,COMPLETED,2026-08-06 21:30:59
690,sess_001993,190,15990.76,0.0,NET_BANKING,COMPLETED,2026-07-23 01:22:52
691,sess_001998,136,50227.71,0.0,COD,COMPLETED,2026-07-12 08:21:18
692,sess_001999,48,13631.67,0.0,COD,COMPLETED,2026-08-04 02:25:50
